predator,pred_stage,BB,PB,PL,PS,MA,SG,ZS,ZM,ZL,ZG,SQX,BMD,BD,BG,BMS,DUN,BML,PWN,BFF,BIV,GEC,BC,HEP,HEC,FPS,POP,CHY,CHS,CSY,CSS,CSN,CDS,CNY,CNS,CHC,CYE,CKS,COH,COS,COD,COY,CMS,CMF,CMH,PIS,SAL,SAF,FMM,FVS,ROC,MRO,DVR,MVR,SMD,FDF,HAP,DOG,SBL,SSK,RAT,SB,SP,BE,HSL,CSL,PIN,PHR,ROR,TOR,HUW,DL,DR,DC,DL_s,DR_s,DC_s
Benthic filter feeder,INVERT,0,0,0.32,0,0.08666666666666666,0,0.08666666666666666,0.08666666666666666,0,0,0,0,0,0,0,0,0,0,0.24666666666666667,0.08666666666666666,0,0.08666666666666666,0,0,0,0,0,0,0,0,0,0,0,0,0,0,0,0,0,0,0,0,0,0,0,0,0,0,0,0,0,0,0,0,0,0,0,0,0,0,0,0,0,0,0,0,0,0,0,0,0,0,0,0,0,0
Benthic grazers,INVERT,0,0,0.01615498317162067,0,2.9165445097100896e-10,0,0,0,0,0,0,0,0,2.9165445097100896e-10,0,0,0.927696652053586,0,0.05614836389983009,0,0,2.9165445097100896e-10,0,0,0,0,0,0,0,0,0,0,0,0,0,0,0,0,0,0,0,0,0,0,0,0,0,0,0,0,0,0,0,0,0,0,0,0,0,0,0,0,0,0,0,0,0,0,0,0,0,0,0,0,0,0
Bivalves,INVERT,0.01134773064149951,0.01134773064149951,0,0.07646208979867535,0,0,0.00179372197309417,0,0,0,0,0,0,0,0,0,0,0,0,0,0,0,0,0,0,0,0,0,0,0,0,0,0,0,0,0,0,0,0,0,0,0,0,0,0,0,0,0,0,0,0,0,0,0,0,0,0,0,0,0,0,0,0,0,0,0,0,0,0,0,0.1498414544908719,0.1498414544908719,0.1498414544908719,0.1498414544908719,0.1498414544908719,0.1498414544908719
Carnivorous infauna,INVERT,0.03703703703703703,0.03703703703703703,0,0,0.03703703703703703,0,0,0,0,0,0,0,0,0,0,0,0,0,0,0,0,0,0,0,0,0,0,0,0,0,0,0,0,0,0,0,0,0,0,0,0,0,0,0,0,0,0,0,0,0,0,0,0,0,0,0,0,0,0,0,0,0,0,0,0,0,0,0,0,0,0.14814814814814817,0.14814814814814817,0.14814814814814817,0.14814814814814817,0.14814814814814817,0.14814814814814817
Crabs,INVERT,0,0,0.16881017640030924,0,0.08862182865977933,0.00379506641366223,0,0,0,0,0,0,0.07557335957082953,0,0,0,0.06681190994916486,0.02108370229812355,0.02108370229812355,0.3973575093119685,0,0.00843348091924942,4.21674045962471e-4,4.21674045962471e-4,0.00421674045962471,0.00421674045962471,0,0,0,0,0,0,0,0,0,0,0,0,0,0,0,0,0,0,0,0,0,0,0,0,0,0,0,0.01265022137887413,0,0,0,0,0,0,0,0,0,0,0,0,0,0,0,0,0.02108370229812355,0.02108370229812355,0.02108370229812355,0.02108370229812355,0.02108370229812355,0.02108370229812355
Deep macro-zoobenthos,INVERT,0.03743689589785532,0.03743689589785532,0,0.05406765305474758,0.13681612444815114,0,0.02498152032503389,0,0,0,0,0.06224137645137078,0.08199258125005865,0.05877633035196026,0,0,0.03313730685759744,0.00477517938317185,0.1391554047641165,0.07829770717982285,0.00477517938317185,0.01225123959088492,0,0,0,0,0,0,0,0,0,0,0,0,0,0,0,0,0,0,0,0,0,0,0,0,0,0,0,0,0,0,0,0,0,0,0,0,0,0,0,0,0,0,0,0,0,0,0,0,0.0389764341940336,0.0389764341940336,0.0389764341940336,0.0389764341940336,0.0389764341940336,0.0389764341940336
Deposit feeders,INVERT,0.00892293349162683,0.00892293349162683,0,0.00625655828273695,0.00625501345353134,0.00125131165654739,1.2513116565473917e-4,0.26333853812039865,0,0,0,0,0.00625655828273695,0.00265787864825899,0,0,0.2870508940119717,0.00625655828273695,0.00195459515240319,0.1466537261473543,0,0.00891443693099595,0,0,0,0,0,0,0,0,0,0,0,0,0,0,0,0,0,0,0,0,0,0,0,0,0,0,0,0,0,0,0,0,0,0,0,0,0,0,0,0,0,0,0,0,0,0,0,0,0.04086382214690322,0.04086382214690322,0.04086382214690322,0.04086382214690322,0.04086382214690322,0.04086382214690322
Dungeness crab,INVERT,0,0,0,0,0.01481840140103375,0.03837052414579447,0,9.588533363621647e-6,0.01111097386307668,0,0,0.0400240829956503,0.0389044122483535,0.00871391098189513,0.00555548693153834,0.06632398205564465,0.04161845160287686,0.11503504064933276,0.04095983037243021,0.1111541018267639,0,0.04216075979751745,0.07806372583703201,0.07806372583703201,0.07666563779019736,0.06401630503902626,0,0,0,0,0,0,0,0,0,0,0,0,0,0,0,0,0,0,0,0,0,0,0,0,0,0,0,0.07612361677764873,0.05230744131379201,0,0,0,0,0,0,0,0,0,0,0,0,0,0,0,0,0,0,0,0,0
Gelatinous zooplankton,INVERT,0,0,0,0,0,0,0.3161921103399337,0.29010287603944185,0,0,0,0,0,0,0,0,0,0,0.2540818505564555,0.13962316306416905,0,0,0,0,0,0,0,0,0,0,0,0,0,0,0,0,0,0,0,0,0,0,0,0,0,0,0,0,0,0,0,0,0,0,0,0,0,0,0,0,0,0,0,0,0,0,0,0,0,0,0,0,0,0,0,0
Geoducks,INVERT,0.01694915254237288,0.01694915254237288,0,0.5084745762711865,0,0,0,0,0,0,0,0,0,0,0,0,0,0,0,0,0,0,0,0,0,0,0,0,0,0,0,0,0,0,0,0,0,0,0,0,0,0,0,0,0,0,0,0,0,0,0,0,0,0,0,0,0,0,0,0,0,0,0,0,0,0,0,0,0,0,0.07627118644067797,0.07627118644067797,0.07627118644067797,0.07627118644067797,0.07627118644067797,0.07627118644067797
Large zooplankton,INVERT,0.01556068883743092,0.01556068883743092,0.14722185397486462,0,0.3120200300562574,0,0.10297102308316844,0.1613044379367623,0.02418759922916724,0.03386263892083414,0,0,0,0,0,0,0.11703567960678306,0,0.03133332475834181,0,0,0,0,0,0,0,0,0,0,0,0,0,0,0,0,0,0,0,0,0,0,0,0,0,0,0,0,0,0,0,0,0,0,0,0,0,0,0,0,0,0,0,0,0,0,0,0,0,0,0,0.0064903391264932,0.0064903391264932,0.0064903391264932,0.0064903391264932,0.0064903391264932,0.0064903391264932
Mesozooplankton,INVERT,0,0,0,0.8,0,0,0.2,0,0,0,0,0,0,0,0,0,0,0,0,0,0,0,0,0,0,0,0,0,0,0,0,0,0,0,0,0,0,0,0,0,0,0,0,0,0,0,0,0,0,0,0,0,0,0,0,0,0,0,0,0,0,0,0,0,0,0,0,0,0,0,0,0,0,0,0,0
Microzooplankton,INVERT,0.04347826086956522,0.04347826086956522,0,0.782608695652174,0,0,0,0,0,0,0,0,0,0,0,0,0,0,0,0,0,0,0,0,0,0,0,0,0,0,0,0,0,0,0,0,0,0,0,0,0,0,0,0,0,0,0,0,0,0,0,0,0,0,0,0,0,0,0,0,0,0,0,0,0,0,0,0,0,0,0.02173913043478261,0.02173913043478261,0.02173913043478261,0.02173913043478261,0.02173913043478261,0.02173913043478261
Octopi,INVERT,0,0,0,0,0,0,0,0,0,0,0,0.05251777950862549,0,0.0367316200454794,0,0.02750037568798546,0.24276860597863653,0,0.12541005034929678,0.1108441590990019,0,0.4042274093309745,0,0,0,0,0,0,0,0,0,0,0,0,0,0,0,0,0,0,0,0,0,0,0,0,0,0,0,0,0,0,0,0,0,0,0,0,0,0,0,0,0,0,0,0,0,0,0,0,0,0,0,0,0,0
Shrimp,INVERT,0.01034115646453836,0.01034115646453836,0.03171472316798263,0.01175131416424813,0.0216562618470096,0.00235026283284962,2.350262832849628e-4,0.00470052566569925,0.0388399643063894,0,0,0,0.01175131416424813,0,0,0,0.20024323822451257,0.01175131416424813,0.00235026283284962,0.122880268668775,0,0.09604590083589336,0,0,0,0,0,0,0,0,0,0,0,0,0,0,0,0,0,0,0,0,0,0,0,0,0,0,0,0,0,0,0,0,0,0,0,0,0,0,0,0,0,0,0,0,0,0,0,0,0.07050788498548884,0.07050788498548884,0.07050788498548884,0.07050788498548884,0.07050788498548884,0.07050788498548884
Squid,INVERT,0,0,0,0,0,0,3.072329072128559e-5,0.00618956462107047,0.30223535339888286,0.07705258289834838,0.00497254342171987,0,0.00448705879274775,2.962409662148527e-4,0.00216994568667303,0,0.12681780323275096,0.00368765428329644,0,0,0,0.02762524123177709,0.06659675041602377,0.06659675041602377,0.1149737048231836,0,0,0,0,0,0,0,0,0,0,0,0,0,0,0,0,0,0,0,0,0,0,0,0,0.00592571605395797,0.00592571605395797,0.00592571605395797,0.00592571605395797,0.17256521830473398,0,0,0,0,0,0,0,0,0,0,0,0,0,0,0,0,0,0,0,0,0,0
California sea lions,adult,0,0,0,0,0,0,0,0,0,0,1.1724368326782986e-9,0,0,0,1.1724368326782986e-9,0,0,0,0,0,0,0,0.10245627275183011,0.10245627275183011,0.00599057929311807,0,1.1724368326782986e-9,1.1724368326782986e-9,1.1724368326782986e-9,1.1724368326782986e-9,1.1724368326782986e-9,1.1724368326782986e-9,1.1724368326782986e-9,1.1724368326782986e-9,1.1724368326782986e-9,1.1724368326782986e-9,1.1724368326782986e-9,1.1724368326782986e-9,1.1724368326782986e-9,1.1724368326782986e-9,1.1724368326782986e-9,1.1724368326782986e-9,1.1724368326782986e-9,1.1724368326782986e-9,1.1724368326782986e-9,1.1724368326782986e-9,1.1724368326782986e-9,0.01350481952388098,0,1.1724368326782986e-9,1.1724368326782986e-9,1.1724368326782986e-9,1.1724368326782986e-9,0.4203133850991477,0.3552786354070881,1.1724368326782986e-9,1.1724368326782986e-9,0,1.1724368326782986e-9,0,0,0,0,0,0,0,0,0,0,0,0,0,0,0,0,0
Chinook Duwamish Subyearling,adult,0,0,0,0,0,0,0,1.1752549831486662e-10,0.07138859246724046,1.1752549831486662e-10,1.1752549831486662e-10,0,0.00446232017139039,1.1752549831486662e-10,1.1752549831486662e-10,0,0.11631636157914622,0.02975824593011972,1.1752549831486662e-10,0,0,1.1752549831486662e-10,0.3324042728014776,0.32483740477794265,0.1144564872426928,1.1752549831486662e-10,1.1752549831486662e-10,1.1752549831486662e-10,1.1752549831486662e-10,1.1752549831486662e-10,1.1752549831486662e-10,1.1752549831486662e-10,1.1752549831486662e-10,1.1752549831486662e-10,1.1752549831486662e-10,1.1752549831486662e-10,1.1752549831486662e-10,1.1752549831486662e-10,1.1752549831486662e-10,1.1752549831486662e-10,1.1752549831486662e-10,1.1752549831486662e-10,1.1752549831486662e-10,1.1752549831486662e-10,0,1.1752549831486662e-10,1.1752549831486662e-10,0.00637631103412324,0,1.1752549831486662e-10,1.1752549831486662e-10,1.1752549831486662e-10,1.1752549831486662e-10,1.1752549831486662e-10,1.1752549831486662e-10,0,0,0,0,0,0,0,0,0,0,0,0,0,0,0,0,0,0,0,0,0
Chinook Hatch Subyearling,adult,0,0,0,0,0,0,0,1.1669804271730886e-10,0.07056026072995267,1.1669804271730886e-10,1.1669804271730886e-10,0,0.0058411584188615,1.1669804271730886e-10,1.1669804271730886e-10,0,0.1152317673888243,0.03173514978818555,1.1669804271730886e-10,0,0,1.1669804271730886e-10,0.33158752375873884,0.32329393656277744,0.11286822987739044,1.1669804271730886e-10,1.1669804271730886e-10,1.1669804271730886e-10,1.1669804271730886e-10,1.1669804271730886e-10,1.1669804271730886e-10,1.1669804271730886e-10,1.1669804271730886e-10,1.1669804271730886e-10,1.1669804271730886e-10,1.1669804271730886e-10,1.1669804271730886e-10,1.1669804271730886e-10,1.1669804271730886e-10,1.1669804271730886e-10,1.1669804271730886e-10,1.1669804271730886e-10,1.1669804271730886e-10,1.1669804271730886e-10,0,1.1669804271730886e-10,1.1669804271730886e-10,0.00888196950753582,0,1.1669804271730886e-10,1.1669804271730886e-10,1.1669804271730886e-10,1.1669804271730886e-10,1.1669804271730886e-10,1.1669804271730886e-10,0,0,0,0,0,0,0,0,0,0,0,0,0,0,0,0,0,0,0,0,0
Chinook Hatch Yearling,adult,0,0,0,0,0,0,0,1.1689554390562512e-10,0.06970986177345619,1.1689554390562512e-10,1.1689554390562512e-10,0,0.00484427435615671,1.1689554390562512e-10,1.1689554390562512e-10,0,0.113842983196008,0.03208301414210512,1.1689554390562512e-10,0,0,1.1689554390562512e-10,0.3344511820224267,0.32608596969642406,0.1127992056969537,1.1689554390562512e-10,1.1689554390562512e-10,1.1689554390562512e-10,1.1689554390562512e-10,1.1689554390562512e-10,1.1689554390562512e-10,1.1689554390562512e-10,1.1689554390562512e-10,1.1689554390562512e-10,1.1689554390562512e-10,1.1689554390562512e-10,1.1689554390562512e-10,1.1689554390562512e-10,1.1689554390562512e-10,1.1689554390562512e-10,1.1689554390562512e-10,1.1689554390562512e-10,1.1689554390562512e-10,1.1689554390562512e-10,0,1.1689554390562512e-10,1.1689554390562512e-10,0.00618350514202104,0,1.1689554390562512e-10,1.1689554390562512e-10,1.1689554390562512e-10,1.1689554390562512e-10,1.1689554390562512e-10,1.1689554390562512e-10,0,0,0,0,0,0,0,0,0,0,0,0,0,0,0,0,0,0,0,0,0
Chinook Hood Canal Subyearling,adult,0,0,0,0,0,0,0,1.1671233150055779e-10,0.070731587621338,1.1671233150055779e-10,1.1671233150055779e-10,0,0.00695915413981645,1.1671233150055779e-10,1.1671233150055779e-10,0,0.11524587663786728,0.03101652647197399,1.1671233150055779e-10,0,0,1.1671233150055779e-10,0.33162812411624754,0.32407892438144453,0.11133316295618204,1.1671233150055779e-10,1.1671233150055779e-10,1.1671233150055779e-10,1.1671233150055779e-10,1.1671233150055779e-10,1.1671233150055779e-10,1.1671233150055779e-10,1.1671233150055779e-10,1.1671233150055779e-10,1.1671233150055779e-10,1.1671233150055779e-10,1.1671233150055779e-10,1.1671233150055779e-10,1.1671233150055779e-10,1.1671233150055779e-10,1.1671233150055779e-10,1.1671233150055779e-10,1.1671233150055779e-10,1.1671233150055779e-10,0,1.1671233150055779e-10,1.1671233150055779e-10,0.00900663970691091,0,1.1671233150055779e-10,1.1671233150055779e-10,1.1671233150055779e-10,1.1671233150055779e-10,1.1671233150055779e-10,1.1671233150055779e-10,0,0,0,0,0,0,0,0,0,0,0,0,0,0,0,0,0,0,0,0,0
Chinook Nisqually Subyearling,adult,0,0,0,0,0,0,0,9.503315154043764e-4,0.06160629318421726,2.8136625541019757e-4,0.04377528226421334,0,0.04112930650420089,0.0426848998050762,0.03238046462221233,0,0.07162314949316663,0.08001767562968959,0.0677939946304819,0,0,0.02188976181442159,0.05783756489658207,0.05711708735681529,0.0799157569113148,0.09166480188426912,0.00613023937739937,0.00613023937739937,0.00613023937739937,0.00613023937739937,0.00613023937739937,0.00613023937739937,0.00613023937739937,0.00613023937739937,0.00613023937739937,0.00613023937739937,0.00613023937739937,0.00245209575095974,0.00245209575095974,0.00245209575095974,0.00245209575095974,0.01226047875479874,0.01226047875479874,0.01226047875479874,0,0.00613023937739937,0.00613023937739937,0.08276769671661617,0,0.0043047390066387,0.0027701468768515,0.0027701468768515,0.0027701468768515,0.01647543705895872,0.01119101864532929,0,0,0,0,0,0,0,0,0,0,0,0,0,0,0,0,0,0,0,0,0
Chinook Nisqually Yearling,adult,0,0,0,0,0,0,0,9.503315154043764e-4,0.06160629318421726,2.8136625541019757e-4,0.04377528226421334,0,0.04112930650420089,0.0426848998050762,0.03238046462221233,0,0.07162314949316663,0.08001767562968959,0.0677939946304819,0,0,0.02188976181442159,0.05783756489658207,0.05711708735681529,0.0799157569113148,0.09166480188426912,0.00613023937739937,0.00613023937739937,0.00613023937739937,0.00613023937739937,0.00613023937739937,0.00613023937739937,0.00613023937739937,0.00613023937739937,0.00613023937739937,0.00613023937739937,0.00613023937739937,0.00245209575095974,0.00245209575095974,0.00245209575095974,0.00245209575095974,0.01226047875479874,0.01226047875479874,0.01226047875479874,0,0.00613023937739937,0.00613023937739937,0.08276769671661617,0,0.0043047390066387,0.0027701468768515,0.0027701468768515,0.0027701468768515,0.01647543705895872,0.01119101864532929,0,0,0,0,0,0,0,0,0,0,0,0,0,0,0,0,0,0,0,0,0
Chinook Skagit Subyearling,adult,0,0,0,0,0,0,0,9.503315154043764e-4,0.06160629318421726,2.8136625541019757e-4,0.04377528226421334,0,0.04112930650420089,0.0426848998050762,0.03238046462221233,0,0.07162314949316663,0.08001767562968959,0.0677939946304819,0,0,0.02188976181442159,0.05783756489658207,0.05711708735681529,0.0799157569113148,0.09166480188426912,0.00613023937739937,0.00613023937739937,0.00613023937739937,0.00613023937739937,0.00613023937739937,0.00613023937739937,0.00613023937739937,0.00613023937739937,0.00613023937739937,0.00613023937739937,0.00613023937739937,0.00245209575095974,0.00245209575095974,0.00245209575095974,0.00245209575095974,0.01226047875479874,0.01226047875479874,0.01226047875479874,0,0.00613023937739937,0.00613023937739937,0.08276769671661617,0,0.0043047390066387,0.0027701468768515,0.0027701468768515,0.0027701468768515,0.01647543705895872,0.01119101864532929,0,0,0,0,0,0,0,0,0,0,0,0,0,0,0,0,0,0,0,0,0
Chinook Skagit Yearling,adult,0,0,0,0,0,0,0,1.0840970707637936e-10,0.05801786971407455,1.0840970707637936e-10,1.0840970707637936e-10,0,0.02682519160470397,1.0840970707637936e-10,1.0840970707637936e-10,0,0.5592647256391661,1.0840970707637936e-10,1.0840970707637936e-10,0,0,1.0840970707637936e-10,0.1708395042462543,0.16202685480185866,0.02087068331353376,1.0840970707637936e-10,1.0840970707637936e-10,1.0840970707637936e-10,1.0840970707637936e-10,1.0840970707637936e-10,1.0840970707637936e-10,1.0840970707637936e-10,1.0840970707637936e-10,1.0840970707637936e-10,1.0840970707637936e-10,1.0840970707637936e-10,1.0840970707637936e-10,1.0840970707637936e-10,1.0840970707637936e-10,1.0840970707637936e-10,1.0840970707637936e-10,1.0840970707637936e-10,1.0840970707637936e-10,1.0840970707637936e-10,0,1.0840970707637936e-10,1.0840970707637936e-10,0.00215516688606895,0,1.0840970707637936e-10,1.0840970707637936e-10,1.0840970707637936e-10,1.0840970707637936e-10,1.0840970707637936e-10,1.0840970707637936e-10,0,0,0,0,0,0,0,0,0,0,0,0,0,0,0,0,0,0,0,0,0
Chinook Snohomish Subyearling,adult,0,0,0,0,0,0,0,1.0857737169540304e-10,0.05704695652892729,1.0857737169540304e-10,1.0857737169540304e-10,0,0.02699069697748691,1.0857737169540304e-10,1.0857737169540304e-10,0,0.557555967705668,1.0857737169540304e-10,1.0857737169540304e-10,0,0,1.0857737169540304e-10,0.17149817888083085,0.16340236012558434,0.02019328494379917,1.0857737169540304e-10,1.0857737169540304e-10,1.0857737169540304e-10,1.0857737169540304e-10,1.0857737169540304e-10,1.0857737169540304e-10,1.0857737169540304e-10,1.0857737169540304e-10,1.0857737169540304e-10,1.0857737169540304e-10,1.0857737169540304e-10,1.0857737169540304e-10,1.0857737169540304e-10,1.0857737169540304e-10,1.0857737169540304e-10,1.0857737169540304e-10,1.0857737169540304e-10,1.0857737169540304e-10,1.0857737169540304e-10,0,1.0857737169540304e-10,1.0857737169540304e-10,0.0033125510374954,0,1.0857737169540304e-10,1.0857737169540304e-10,1.0857737169540304e-10,1.0857737169540304e-10,1.0857737169540304e-10,1.0857737169540304e-10,0,0,0,0,0,0,0,0,0,0,0,0,0,0,0,0,0,0,0,0,0
Chinook other Subyearling,adult,0,0,0,0,0,0,0,1.08088706104522e-10,0.05639924671511146,1.08088706104522e-10,1.08088706104522e-10,0,0.02755850886099119,1.08088706104522e-10,1.08088706104522e-10,0,0.56147412217559,1.08088706104522e-10,1.08088706104522e-10,0,0,1.08088706104522e-10,0.1695509925579928,0.16117552454674502,0.02129361418554101,1.08088706104522e-10,1.08088706104522e-10,1.08088706104522e-10,1.08088706104522e-10,1.08088706104522e-10,1.08088706104522e-10,1.08088706104522e-10,1.08088706104522e-10,1.08088706104522e-10,1.08088706104522e-10,1.08088706104522e-10,1.08088706104522e-10,1.08088706104522e-10,1.08088706104522e-10,1.08088706104522e-10,1.08088706104522e-10,1.08088706104522e-10,1.08088706104522e-10,1.08088706104522e-10,0,1.08088706104522e-10,1.08088706104522e-10,0.00254798717492381,0,1.08088706104522e-10,1.08088706104522e-10,1.08088706104522e-10,1.08088706104522e-10,1.08088706104522e-10,1.08088706104522e-10,0,0,0,0,0,0,0,0,0,0,0,0,0,0,0,0,0,0,0,0,0
Chinook other Yearling,adult,0,0,0,0,0,0,0,1.08386581998072e-10,0.05707799807792216,1.08386581998072e-10,1.08386581998072e-10,0,0.0276344558840218,1.08386581998072e-10,1.08386581998072e-10,0,0.5591454278297429,1.08386581998072e-10,1.08386581998072e-10,0,0,1.08386581998072e-10,0.17001824908488403,0.16087708260196412,0.02215366012539407,1.08386581998072e-10,1.08386581998072e-10,1.08386581998072e-10,1.08386581998072e-10,1.08386581998072e-10,1.08386581998072e-10,1.08386581998072e-10,1.08386581998072e-10,1.08386581998072e-10,1.08386581998072e-10,1.08386581998072e-10,1.08386581998072e-10,1.08386581998072e-10,1.08386581998072e-10,1.08386581998072e-10,1.08386581998072e-10,1.08386581998072e-10,1.08386581998072e-10,1.08386581998072e-10,0,1.08386581998072e-10,1.08386581998072e-10,0.00309312260254055,0,1.08386581998072e-10,1.08386581998072e-10,1.08386581998072e-10,1.08386581998072e-10,1.08386581998072e-10,1.08386581998072e-10,0,0,0,0,0,0,0,0,0,0,0,0,0,0,0,0,0,0,0,0,0
Chum Fall Subyearling,adult,0,0,0,0,0,0,0,2.9767544137982764e-10,2.9767544137982764e-10,2.9767544137982764e-10,0,0,0.232405225487576,0,0,0,0.3501514711545843,0.05665147486532868,2.9767544137982764e-10,0,0,0.3607918267064584,2.9767544137982764e-10,2.9767544137982764e-10,0,0,0,0,0,0,0,0,0,0,0,0,0,0,0,0,0,0,0,0,0,0,0,0,0,0,0,0,0,0,0,0,0,0,0,0,0,0,0,0,0,0,0,0,0,0,0,0,0,0,0,0
Chum Hatch Subyearling,adult,0,0,0,0,0,0,0,0.1,0.1,0.1,0,0,0.1,0,0,0,0.1,0.1,0.1,0,0,0.1,0.1,0.1,0,0,0,0,0,0,0,0,0,0,0,0,0,0,0,0,0,0,0,0,0,0,0,0,0,0,0,0,0,0,0,0,0,0,0,0,0,0,0,0,0,0,0,0,0,0,0,0,0,0,0,0
Chum Hood Canal summer run Subyearling,adult,0,0,0,0,0,0,0,6.021009337201424e-10,6.021009337201424e-10,6.021009337201424e-10,0,0,0.06369760360025194,0,0,0,0.5298770672796558,6.021009337201424e-10,6.021009337201424e-10,0,0,0.39734527649629137,0.00454002480664813,0.00454002480664813,0,0,0,0,0,0,0,0,0,0,0,0,0,0,0,0,0,0,0,0,0,0,0,0,0,0,0,0,0,0,0,0,0,0,0,0,0,0,0,0,0,0,0,0,0,0,0,0,0,0,0,0
Coho Deep South Yearling,adult,0,0,0,0,0,0,0,1.168081639269909e-10,0.07310896751920148,1.168081639269909e-10,1.168081639269909e-10,0,0.00584667038303887,0,0,0,0.11349623436623552,0.03169203459657312,0,0,0,1.168081639269909e-10,0.3326655765881686,0.3250927602317459,0.11219698066233368,0,1.168081639269909e-10,1.168081639269909e-10,1.168081639269909e-10,1.168081639269909e-10,1.168081639269909e-10,1.168081639269909e-10,1.168081639269909e-10,1.168081639269909e-10,1.168081639269909e-10,1.168081639269909e-10,1.168081639269909e-10,1.168081639269909e-10,1.168081639269909e-10,1.168081639269909e-10,1.168081639269909e-10,1.168081639269909e-10,1.168081639269909e-10,1.168081639269909e-10,0,1.168081639269909e-10,1.168081639269909e-10,0.00590077203164975,1.168081639269909e-10,1.168081639269909e-10,1.168081639269909e-10,1.168081639269909e-10,1.168081639269909e-10,1.168081639269909e-10,1.168081639269909e-10,0,0,0,0,0,0,0,0,0,0,0,0,0,0,0,0,0,0,0,0,0
Coho Hatch Yearling,adult,0,0,0,0,0,0,0,1.166257497740388e-10,0.07182762491680326,1.166257497740388e-10,1.166257497740388e-10,0,0.00647489017827893,0,0,0,0.11305835113484046,0.03275459402973577,0,0,0,1.166257497740388e-10,0.3321460674431786,0.3253333654646677,0.11176411012068496,0,1.166257497740388e-10,1.166257497740388e-10,1.166257497740388e-10,1.166257497740388e-10,1.166257497740388e-10,1.166257497740388e-10,1.166257497740388e-10,1.166257497740388e-10,1.166257497740388e-10,1.166257497740388e-10,1.166257497740388e-10,1.166257497740388e-10,1.166257497740388e-10,1.166257497740388e-10,1.166257497740388e-10,1.166257497740388e-10,1.166257497740388e-10,1.166257497740388e-10,0,1.166257497740388e-10,1.166257497740388e-10,0.00664099309641206,1.166257497740388e-10,1.166257497740388e-10,1.166257497740388e-10,1.166257497740388e-10,1.166257497740388e-10,1.166257497740388e-10,1.166257497740388e-10,0,0,0,0,0,0,0,0,0,0,0,0,0,0,0,0,0,0,0,0,0
Coho Skagit Yearling,adult,0,0,0,0,0,0,0,1.1693972079475534e-10,0.07005811231004248,1.1693972079475534e-10,1.1693972079475534e-10,0,0.00519271544834332,0,0,0,0.11627085691416074,0.02913646663702546,0,0,0,1.1693972079475534e-10,0.33304024595885146,0.3254589006095359,0.11232334411889658,0,1.1693972079475534e-10,1.1693972079475534e-10,1.1693972079475534e-10,1.1693972079475534e-10,1.1693972079475534e-10,1.1693972079475534e-10,1.1693972079475534e-10,1.1693972079475534e-10,1.1693972079475534e-10,1.1693972079475534e-10,1.1693972079475534e-10,1.1693972079475534e-10,1.1693972079475534e-10,1.1693972079475534e-10,1.1693972079475534e-10,1.1693972079475534e-10,1.1693972079475534e-10,1.1693972079475534e-10,0,1.1693972079475534e-10,1.1693972079475534e-10,0.00851935437801265,1.1693972079475534e-10,1.1693972079475534e-10,1.1693972079475534e-10,1.1693972079475534e-10,1.1693972079475534e-10,1.1693972079475534e-10,1.1693972079475534e-10,0,0,0,0,0,0,0,0,0,0,0,0,0,0,0,0,0,0,0,0,0
Coho other Yearling,adult,0,0,0,0,0,0,0,1.1668893757977408e-10,0.07120762760797054,1.1668893757977408e-10,1.1668893757977408e-10,0,0.00483571237258829,0,0,0,0.11628898045367564,0.03122527488754976,0,0,0,1.1668893757977408e-10,0.3315616522879022,0.3232687121829321,0.11364177210021924,0,1.1668893757977408e-10,1.1668893757977408e-10,1.1668893757977408e-10,1.1668893757977408e-10,1.1668893757977408e-10,1.1668893757977408e-10,1.1668893757977408e-10,1.1668893757977408e-10,1.1668893757977408e-10,1.1668893757977408e-10,1.1668893757977408e-10,1.1668893757977408e-10,1.1668893757977408e-10,1.1668893757977408e-10,1.1668893757977408e-10,1.1668893757977408e-10,1.1668893757977408e-10,1.1668893757977408e-10,0,1.1668893757977408e-10,1.1668893757977408e-10,0.00797026448980513,1.1668893757977408e-10,1.1668893757977408e-10,1.1668893757977408e-10,1.1668893757977408e-10,1.1668893757977408e-10,1.1668893757977408e-10,1.1668893757977408e-10,0,0,0,0,0,0,0,0,0,0,0,0,0,0,0,0,0,0,0,0,0
Demersal rockfish,adult,0,0,0,0,1.7501817877616958e-10,0,0,0,0.30102699335190203,1.7501817877616958e-10,0,1.7501817877616958e-10,0.25444933045264384,1.7501817877616958e-10,1.7501817877616958e-10,0,0.4070172817471734,0.02336375618329693,0.01414263511465669,1.7501817877616958e-10,0,1.7501817877616958e-10,1.7501817877616958e-10,1.7501817877616958e-10,1.7501817877616958e-10,1.7501817877616958e-10,0,0,0,0,0,0,0,0,0,0,0,0,0,0,0,0,0,0,0,0,0,0,1.7501817877616958e-10,1.7501817877616958e-10,1.7501817877616958e-10,1.7501817877616958e-10,1.7501817877616958e-10,1.7501817877616958e-10,1.7501817877616958e-10,0,0,0,0,0,0,0,0,0,0,0,0,0,0,0,0,0,0,0,0,0
Demersal vulnerable rockfish,adult,0,0,0,0,0,0,0,0,0.3057359548341668,0,0,0,0.258429678138238,0,0,0,0.4086520115483042,0.02718235477316192,0,0,0,1.7653225338703756e-10,1.7653225338703756e-10,1.7653225338703756e-10,1.7653225338703756e-10,0,0,0,0,0,0,0,0,0,0,0,0,0,0,0,0,0,0,0,0,0,0,0,0,0,0,0,0,0,0,0,0,0,0,0,0,0,0,0,0,0,0,0,0,0,0,0,0,0,0,0
Hake_Large gadoids,adult,0,0,0,1.1153109147954731e-10,1.1153109147954731e-10,0,0,1.1153109147954731e-10,0.03800830261313017,0.00928632467778867,1.1153109147954731e-10,0,0.00464330103639357,0,1.1153109147954731e-10,0,0.11217731886399988,0.3766472522136751,1.1153109147954731e-10,1.1153109147954731e-10,0,1.1153109147954731e-10,0.21823349102896597,0.21823349102896597,0.01848675874389175,1.1153109147954731e-10,0,0,0,0,0,0,0,0,0,0,0,1.1153109147954731e-10,1.1153109147954731e-10,1.1153109147954731e-10,1.1153109147954731e-10,1.1153109147954731e-10,1.1153109147954731e-10,1.1153109147954731e-10,0,0,0,1.1153109147954731e-10,0,1.1153109147954731e-10,1.1153109147954731e-10,1.1153109147954731e-10,1.1153109147954731e-10,0.00428375733950488,1.1153109147954731e-10,0,0,0,0,0,0,0,0,0,0,0,0,0,0,0,0,0,0,0,0,0
Harbor porpoise,adult,0,0,0,0,0,0,0,0,0,0,0.1176796514087725,0,0,1.6188262722310675e-10,0.02331640635062696,0,0.01712592497559156,0.03644790639259913,0,0,0,0,0.1411581120160588,0.1411581120160588,0.04127391267367427,1.6188262722310675e-10,0,0,0,0,0,0,0,0,0,0,0,0,0,0,0,0,0,0,0,0,0,0.4214370414031811,0,1.6188262722310675e-10,1.6188262722310675e-10,1.6188262722310675e-10,1.6188262722310675e-10,0.00747538694119741,0.0529275448509437,0,0,0,0,0,0,0,0,0,0,0,0,0,0,0,0,0,0,0,0,0
Harbor seals,adult,0,0,0,0,1.2115445094409658e-10,0,0,1.2115445094409658e-10,0,0,0.04740512432003013,1.2115445094409658e-10,0,1.2115445094409658e-10,1.2115445094409658e-10,0,0.01001814043989698,1.2115445094409658e-10,1.2115445094409658e-10,1.2115445094409658e-10,0,0,0.2629464830204885,0.2629464830204885,0.08144015286129148,0.04044095358737557,0.00492912346809833,0.00492912346809833,0.00492912346809833,0.00492912346809833,0.00492912346809833,0.00492912346809833,0.00492912346809833,0.00492912346809833,0.00492912346809833,0.00492912346809833,0.00492912346809833,0.0050789090054451,0.0050789090054451,0.0050789090054451,0.0050789090054451,0.01226851765938248,0.01226851765938248,0.01226851765938248,1.2115445094409658e-10,2.855615554640132e-4,0.00492912346809833,0.03146409344086207,1.2115445094409658e-10,1.2115445094409658e-10,1.2115445094409658e-10,1.2115445094409658e-10,1.2115445094409658e-10,0.12555939441700642,0.02122294029689938,1.2115445094409658e-10,1.2115445094409658e-10,0,1.2115445094409658e-10,1.2115445094409658e-10,1.2115445094409658e-10,1.2115445094409658e-10,0,0,0,0,0,0,0,0,0,0,0,0,0,0
Humpback whales,adult,0,0,0,0,0,0,0,1.817867514686245e-8,0.9999999091066242,0,1.817867514686245e-8,0,0,0,0,0,0,0,0,0,0,0,1.817867514686245e-8,1.817867514686245e-8,1.817867514686245e-8,0,0,0,0,0,0,0,0,0,0,0,0,0,0,0,0,0,0,0,0,0,0,0,0,0,0,0,0,0,0,0,0,0,0,0,0,0,0,0,0,0,0,0,0,0,0,0,0,0,0,0
Large demersal predators,adult,0,0,0,0,1.0646898257395403e-10,1.0646898257395403e-10,0,0,1.0646898257395403e-10,0,1.0646898257395403e-10,1.0646898257395403e-10,1.0646898257395403e-10,0,1.0646898257395403e-10,1.0646898257395403e-10,0.1485047134380355,0.43930573738621354,1.0646898257395403e-10,1.0646898257395403e-10,0,0,0.2045257995669262,0.2045257995669262,0.00313794631548411,1.0646898257395403e-10,1.0646898257395403e-10,1.0646898257395403e-10,1.0646898257395403e-10,1.0646898257395403e-10,1.0646898257395403e-10,1.0646898257395403e-10,1.0646898257395403e-10,1.0646898257395403e-10,1.0646898257395403e-10,1.0646898257395403e-10,1.0646898257395403e-10,1.0646898257395403e-10,1.0646898257395403e-10,1.0646898257395403e-10,1.0646898257395403e-10,1.0646898257395403e-10,1.0646898257395403e-10,1.0646898257395403e-10,0,0,1.0646898257395403e-10,1.0646898257395403e-10,1.0646898257395403e-10,1.0646898257395403e-10,0,0,0,1.0646898257395403e-10,1.0646898257395403e-10,0,0,0,0,0,0,0,0,0,0,0,0,0,0,0,0,0,0,0,0,0
Midwater rockfish,adult,0,0,0,0,0,0,0,0.685011878704511,0.0077372742536793,1.7264551183188326e-10,1.7264551183188326e-10,0,0.17484956886993358,1.7264551183188326e-10,1.7264551183188326e-10,0,0.00596460379329901,0.07424095119298865,0,0,0,0.05219571783357767,1.7264551183188326e-10,1.7264551183188326e-10,1.7264551183188326e-10,0,1.7264551183188326e-10,1.7264551183188326e-10,1.7264551183188326e-10,1.7264551183188326e-10,1.7264551183188326e-10,1.7264551183188326e-10,1.7264551183188326e-10,1.7264551183188326e-10,1.7264551183188326e-10,1.7264551183188326e-10,1.7264551183188326e-10,1.7264551183188326e-10,1.7264551183188326e-10,1.7264551183188326e-10,1.7264551183188326e-10,0,0,0,0,0,1.7264551183188326e-10,1.7264551183188326e-10,1.7264551183188326e-10,1.7264551183188326e-10,1.7264551183188326e-10,1.7264551183188326e-10,1.7264551183188326e-10,1.7264551183188326e-10,1.7264551183188326e-10,0,0,0,0,0,0,0,0,0,0,0,0,0,0,0,0,0,0,0,0,0
Midwater vulnerable rockfish,adult,0,0,0,0,0,0,0,0,0.01178029136203388,0,0,0,0.07947165788079787,0,0,0,0.16162081155794672,0.2987307110802862,0,0,0,0.06622638156733154,0.19108507327580188,0.19108507327580188,0,0,0,0,0,0,0,0,0,0,0,0,0,0,0,0,0,0,0,0,0,0,0,0,0,0,0,0,0,0,0,0,0,0,0,0,0,0,0,0,0,0,0,0,0,0,0,0,0,0,0,0
Other salmonids,adult,0,0,0,0,0,0,0,0.0547898073568733,0.00925863340039349,3.197809789224286e-4,0,0,0.0990817540575512,0.01028375832954951,0,0,0.02548169702364282,0.09431900251149668,0.07460491544889979,0.00275158692838201,0,0.05570220839071173,0.04271458426497814,0.04271458426497814,0.08501672726752929,0.07466058781465566,0.00524183292384649,0.00524183292384649,0.00524183292384649,0.00524183292384649,0.00524183292384649,0.00524183292384649,0.00524183292384649,0.00524183292384649,0.00524183292384649,0.00524183292384649,0.00524183292384649,0.00276341106239122,0.00276341106239122,0.00276341106239122,0.00276341106239122,0.03299222049447226,0.03299222049447226,0.03299222049447226,0.01246231646027928,0,0.00524183292384649,0,0.00207497522584575,0.01260729307127375,0.01260729307127375,0.01260729307127375,0.01260729307127375,0.09040160717107625,0,0,0,0,0,0,0,0,0,0,0,0,0,0,0,0,0,0,0,0,0,0
Pacific Herring Cherry Point,adult,0,0,0,2.073685414956294e-10,2.073685414956294e-10,0,0,2.073685414956294e-10,0.4510980214771093,2.073685414956294e-10,0,0,0.24448706038497228,2.073685414956294e-10,0,0,0.11304124525803962,0.06098482423048496,2.073685414956294e-10,2.073685414956294e-10,0,2.073685414956294e-10,0,0,0.13038884533149714,0,0,0,0,0,0,0,0,0,0,0,0,0,0,0,0,0,0,0,0,0,0,2.073685414956294e-10,0,2.073685414956294e-10,2.073685414956294e-10,2.073685414956294e-10,2.073685414956294e-10,0,0,0,0,0,0,0,0,0,0,0,0,0,0,0,0,0,1.036842707478147e-10,1.036842707478147e-10,1.036842707478147e-10,1.036842707478147e-10,1.036842707478147e-10,1.036842707478147e-10
Pacific Herring Puget Sound,adult,0,0,0,3.5007038792794006e-10,3.5007038792794006e-10,0,0,3.5007038792794006e-10,0.24414930203213445,3.5007038792794006e-10,0,0,0.02469444189497811,3.5007038792794006e-10,0,0,0.3087885979757244,0.08234339963804911,3.5007038792794006e-10,3.5007038792794006e-10,0,3.5007038792794006e-10,0,0,0.32558362661288676,0,0,0,0,0,0,0,0,0,0,0,0,0,0,0,0,0,0,0,0,0,0,0.01444062659517139,0,3.5007038792794006e-10,3.5007038792794006e-10,3.5007038792794006e-10,3.5007038792794006e-10,0,0,0,0,0,0,0,0,0,0,0,0,0,0,0,0,0,1.7503519396397006e-10,1.7503519396397006e-10,1.7503519396397006e-10,1.7503519396397006e-10,1.7503519396397006e-10,1.7503519396397006e-10
Perch,adult,0,0,0,0,1.0362861092308818e-10,0,1.0362861092308818e-10,0.01815289331537744,0.9818471056483364,0,0,1.0362861092308818e-10,1.0362861092308818e-10,1.0362861092308818e-10,0,0,1.0362861092308818e-10,1.0362861092308818e-10,1.0362861092308818e-10,1.0362861092308818e-10,0,1.0362861092308818e-10,0,0,0,0,0,0,0,0,0,0,0,0,0,0,0,0,0,0,0,0,0,0,0,0,0,0,0,0,0,0,0,0,0,0,0,0,0,0,0,0,0,0,0,0,0,0,0,0,0,0,0,0,0,0
Pink Salmon Subyearling,adult,0,0,0.00163571635447604,0,0,0,0,0.199491966591898,0.16204262566002525,0,0,0,0.06314628435086977,0.00124314442940178,0,0,0.1865276159251056,0.00170114500865508,0.04511305705644922,0,0,0,0.07996267553704232,0.07996267553704232,0,0,0,0,0,0,0,0,0,0,0,0,0,0,0,0,0,0,0,0,0,0,0,0.17714808118975525,0,0.00202501235927932,0,0,0,0,0,0,0,0,0,0,0,0,0,0,0,0,0,0,0,0,0,0,0,0,0,0
Piscivorous flatfish,adult,0,0,0,0,0,0,0,0,0,0,0,0,0,0,0,0,0,0.10256410157988163,0,0,0,0,0,0,0,0,0,0,0,0,0,0,0,0,0,0,0,0,0,0,0,0,0,0,0,0,0,0.8974358984201184,0,0,0,0,0,0,0,0,0,0,0,0,0,0,0,0,0,0,0,0,0,0,0,0,0,0,0,0
Raptors,adult,0,0,0,0,0,0,0,0,0,0,0,0,0.00700525394045534,0,0,0,0,0,0,0.03502626970227671,0,0,0,0,0,0,0.00904845300642147,0.00904845300642147,0.01357267950963222,0.01357267950963222,0.01357267950963222,0.01357267950963222,0.01357267950963222,0.01357267950963222,0.01357267950963222,0.01357267950963222,0.01357267950963222,0.00904845300642147,0.01357267950963222,0.01357267950963222,0.01357267950963222,0.00904845300642147,0.01357267950963222,0.01357267950963222,0.01809690601284295,0.01357267950963222,0.01357267950963222,0.02101576182136602,0.01401050788091068,0.01401050788091068,0.01401050788091068,0.01401050788091068,0.01401050788091068,0.01751313485113835,0.02802101576182136,0,0.01401050788091068,0,0,0,0.2626970227670754,0.06304728546409809,0,0,0,0,0,0,0,0,0.03502626970227671,0.03502626970227671,0.03502626970227671,0.03502626970227671,0.03502626970227671,0.03502626970227671
Ratfish,adult,0,0,0,0,0.05376026782739563,0,0,0.01793427157305638,0.01267672912971938,0,0.01017979587881149,0.00461245658720182,0.053592243427024,0.06164459680793362,0,1.111311728697897e-4,0.06317762681168629,0.02964949289741116,0.08449698688935246,0.09298922361063268,0,0.0537870225339442,0,0,0.12602275003434152,0.12602275003434152,0,0,0,0,0,0,0,0,0,0,0,0,0,0,0,0,0,0,0,0,0,0.12602275003434152,0,0,0,0,0,0.03831177973767173,0.04500812501226482,0,0,0,0,0,0,0,0,0,0,0,0,0,0,0,0,0,0,0,0,0
Resident Orca,adult,0,0,0,0,0,0,0,0,0,0,0.03225806451612904,0,0,0,0,0,0,0,0,0,0,0,0.03225806451612904,0.03225806451612904,0,0,0.03225806451612904,0.03225806451612904,0.03225806451612904,0.03225806451612904,0.03225806451612904,0.03225806451612904,0.03225806451612904,0.03225806451612904,0.03225806451612904,0.03225806451612904,0.03225806451612904,0.03225806451612904,0.03225806451612904,0.03225806451612904,0.03225806451612904,0.03225806451612904,0.03225806451612904,0.03225806451612904,0.03225806451612904,0.03225806451612904,0.03225806451612904,0,0.03225806451612904,0.03225806451612904,0,0.03225806451612904,0,0.03225806451612904,0.03225806451612904,0.03225806451612904,0,0,0.03225806451612904,0,0,0,0,0,0,0,0,0,0,0,0,0,0,0,0,0
Seabirds (mainly non-piscivorous),adult,0,0,0,0,1.449686218377526e-10,1.449686218377526e-10,0,0,0,0,0,1.449686218377526e-10,0.00742523133444029,1.449686218377526e-10,0,0,0.1444717346900311,0.03457385188312817,1.449686218377526e-10,1.449686218377526e-10,0,1.449686218377526e-10,0.41191596035884,0.401613217674439,0,0,1.449686218377526e-10,1.449686218377526e-10,1.449686218377526e-10,1.449686218377526e-10,1.449686218377526e-10,1.449686218377526e-10,1.449686218377526e-10,1.449686218377526e-10,1.449686218377526e-10,1.449686218377526e-10,1.449686218377526e-10,1.449686218377526e-10,1.449686218377526e-10,1.449686218377526e-10,1.449686218377526e-10,1.449686218377526e-10,1.449686218377526e-10,1.449686218377526e-10,0,1.449686218377526e-10,1.449686218377526e-10,0,0,0,0,0,0,0,1.449686218377526e-10,0,0,0,0,0,0,0,0,0,0,0,0,0,0,0,0,0,0,0,0,0
Seabirds (piscivorous),adult,0,0,0,0,0,0,0,0,0,0,0.00852146372050439,1.910212198683772e-10,0.00456561065520581,1.910212198683772e-10,0,0,0.04370733764733405,0.5100522840043582,1.910212198683772e-10,1.910212198683772e-10,0,1.910212198683772e-10,0.0876135812068172,0.0876135812068172,0.09174292101633534,1.910212198683772e-10,1.910212198683772e-10,1.910212198683772e-10,1.910212198683772e-10,1.910212198683772e-10,1.910212198683772e-10,1.910212198683772e-10,1.910212198683772e-10,1.910212198683772e-10,1.910212198683772e-10,1.910212198683772e-10,1.910212198683772e-10,1.910212198683772e-10,1.910212198683772e-10,1.910212198683772e-10,1.910212198683772e-10,1.910212198683772e-10,1.910212198683772e-10,1.910212198683772e-10,1.910212198683772e-10,1.910212198683772e-10,1.910212198683772e-10,0.1661832142389274,0,1.910212198683772e-10,1.910212198683772e-10,1.910212198683772e-10,1.910212198683772e-10,1.910212198683772e-10,1.910212198683772e-10,0,0,0,0,0,0,0,0,0,0,0,0,0,0,0,0,0,0,0,0,0
Sixgill Shark,adult,0,0,0,0,0,0,0,0,0,0,0.00459770114942528,0,0,0,0.1739463601532567,0.10574712643678162,0,0.10574712643678162,0,0,0,0,0.00459770114942528,0.00459770114942528,0,0,0.00459770114942528,0.00459770114942528,0.00459770114942528,0.00459770114942528,0.00459770114942528,0.00459770114942528,0.00459770114942528,0.00459770114942528,0.00459770114942528,0.00459770114942528,0.00459770114942528,0,0,0,0,0,0,0,0,0,0.00459770114942528,0.02758620689655172,0.02758620689655172,0.02758620689655172,0.02758620689655172,0.02758620689655172,0.02758620689655172,0.02758620689655172,0.06896551724137932,0,0.12337164750957856,0,0,0.1555555555555556,0,0,0,0.00459770114942528,0,0,0,0,0,0,0,0,0,0,0,0
Skates,adult,0,0,0,0,0,0,0,0,0,0,0,0,0.3797753316160325,1.7579190486182067e-10,0,0,0.00789644522201465,0.214048736977008,0,1.7579190486182067e-10,0,0,0.03788524852998275,0.03788524852998275,0.1692415136970343,0.06942006475190304,0,0,0,0,0,0,0,0,0,0,0,0,0,0,0,0,0,0,0,0,0,1.7579190486182067e-10,0,0,0,0,0,0.08384740997287439,1.7579190486182067e-10,0,0,0,0,0,0,0,0,0,0,0,0,0,0,0,0,0,0,0,0,0
Small Planktivorous Fish,adult,0,0,1.1663124027242432e-10,0,0,0,0,1.1663124027242432e-10,0.07117241871447176,1.1663124027242432e-10,0,0,0.00607087468627159,1.1663124027242432e-10,1.1663124027242432e-10,0,0.11730701866163191,0.03001169451373082,1.1663124027242432e-10,1.1663124027242432e-10,0,1.1663124027242432e-10,0.33292745935390283,0.32534868148468266,0.11048988638374674,0,1.1663124027242432e-10,1.1663124027242432e-10,1.1663124027242432e-10,1.1663124027242432e-10,1.1663124027242432e-10,1.1663124027242432e-10,1.1663124027242432e-10,1.1663124027242432e-10,1.1663124027242432e-10,1.1663124027242432e-10,1.1663124027242432e-10,1.1663124027242432e-10,1.1663124027242432e-10,1.1663124027242432e-10,1.1663124027242432e-10,1.1663124027242432e-10,1.1663124027242432e-10,1.1663124027242432e-10,0,1.1663124027242432e-10,1.1663124027242432e-10,0.00667196235273071,0,0,0,0,0,1.1663124027242432e-10,1.1663124027242432e-10,0,0,0,0,0,0,0,0,0,0,0,0,0,0,0,5.831562013621216e-11,5.831562013621216e-11,5.831562013621216e-11,5.831562013621216e-11,5.831562013621216e-11,5.831562013621216e-11
Small demersal fish,adult,0,0,1.2659603323011812e-10,0,1.2659603323011812e-10,1.2659603323011812e-10,1.2659603323011812e-10,1.2659603323011812e-10,1.2659603323011812e-10,1.2659603323011812e-10,0.00368843572920149,1.2659603323011812e-10,1.2659603323011812e-10,1.2659603323011812e-10,0.0184027063136348,1.2659603323011812e-10,1.2659603323011812e-10,1.2659603323011812e-10,1.2659603323011812e-10,1.2659603323011812e-10,0,1.2659603323011812e-10,0.06916943275870664,0.06916943275870664,0.13865364582333603,0.09861044611094252,1.2659603323011812e-10,1.2659603323011812e-10,1.2659603323011812e-10,1.2659603323011812e-10,1.2659603323011812e-10,1.2659603323011812e-10,1.2659603323011812e-10,1.2659603323011812e-10,1.2659603323011812e-10,1.2659603323011812e-10,1.2659603323011812e-10,1.2659603323011812e-10,1.2659603323011812e-10,1.2659603323011812e-10,1.2659603323011812e-10,1.8355597663263204e-4,1.8355597663263204e-4,1.8355597663263204e-4,0,1.2659603323011812e-10,1.2659603323011812e-10,0.2753899878210831,1.2659603323011812e-10,0.00195355935650254,1.2659603323011812e-10,1.2659603323011812e-10,1.2659603323011812e-10,0.2322437106678465,0.0837372912563725,0,0,0,0.00843067840992807,0,0,0,0,0,0,0,0,0,0,0,6.329801661505906e-11,6.329801661505906e-11,6.329801661505906e-11,6.329801661505906e-11,6.329801661505906e-11,6.329801661505906e-11
Small-mouthed Flatfish,adult,0,0,0,0,1.3386714460647027e-10,1.3386714460647027e-10,0,1.3386714460647027e-10,0.0020140947223347,1.3386714460647027e-10,1.3386714460647027e-10,1.3386714460647027e-10,1.3386714460647027e-10,1.3386714460647027e-10,1.3386714460647027e-10,0,0.00568991000671497,0.2366992921764395,1.3386714460647027e-10,1.3386714460647027e-10,0,1.3386714460647027e-10,0.12977235876005427,0.12977235876005427,0.16039373530756815,1.3386714460647027e-10,0,0,0,0,0,0,0,0,0,0,0,0,0,0,0,0,0,0,0,0,0,0.07114877675931046,0,0,0,0,0,0.2619385672102631,0.00257090415538619,0,0,0,0,0,0,0,0,0,0,0,0,0,0,0,6.693357230323512e-11,6.693357230323512e-11,6.693357230323512e-11,6.693357230323512e-11,6.693357230323512e-11,6.693357230323512e-11
Spiny dogfish,adult,0,0,0,0.03952616336422585,0.00635896326463363,0.03689186422606552,0,0.01454146382459124,0.03712021522687327,0.02106312985278013,0.05264977542829999,4.031096609587838e-4,0.015133177093977,0.01214469129776623,0.03864013168627583,0.00573109307391445,0.03841362138877127,0.01897926783393986,0.04009774770575251,0,0,0.01748248350587618,0.04720085576279118,0.04720085576279118,0.03597197044482057,0.01732570972877745,0.00122683712363164,0.00122683712363164,0.00122683712363164,0.00122683712363164,0.00122683712363164,0.00122683712363164,0.00122683712363164,0.00122683712363164,0.00122683712363164,0.00122683712363164,0.00122683712363164,0.02206977245358645,0.02206977245358645,0.02206977245358645,0.02206977245358645,0.00122683712363164,0.00122683712363164,0.00122683712363164,0,0.00122683712363164,0.00122683712363164,0.09740976688245884,0.00732137875881744,0.00996684257081599,0.01310636973111277,0.01310636973111277,0.01310636973111277,0.04588568349647196,0.07465045145708762,0.00655280543104964,0.02806982794606672,0,0,0.04003936033755923,0,0,0,0,0,0,0,0,0,0,0,0,0,0,0,0
Steller sea lions,adult,0,0,0,0,0,0,0,0,0,0,0.0148178746498828,0,0,0,0.01042377141241796,0,0,0,0,0,0,0,0.11076580834263693,0.11076580834263693,0.11377427308614188,0,0.00681662226776387,0.00681662226776387,0.00681662226776387,0.00681662226776387,0.00681662226776387,0.00681662226776387,0.00681662226776387,0.00681662226776387,0.00681662226776387,0.00681662226776387,0.00681662226776387,0.0024401369775177,0.0024401369775177,0.0024401369775177,0.0024401369775177,0.01433580474291654,0.01433580474291654,0.01433580474291654,0,0.0024401369775177,0.00681662226776387,0.07331742396662842,0.00906070852689608,0.0515742911839838,0.04878648120911971,0.04878648120911971,0.04878648120911971,0.04297861821233718,0.03685145030058653,0.01049120020019868,0.04700132296203925,0,0.08481043885674988,0,0,0,0,0,0,0,0,0,0,0,0,0,0,0,0,0
Strait of Georgia salmonids,adult,0,0,0,0,0,0,0,1.1644293726430002e-10,0.0187317019120916,1.1644293726430002e-10,1.1644293726430002e-10,0,0.08582515975752256,1.1644293726430002e-10,1.1644293726430002e-10,0,0.23476823494264132,0.44735796078607143,1.1644293726430002e-10,0,0,0.00884216879510504,0.0967425568462736,0.0967425568462736,1.1644293726430002e-10,0.00733760316409403,1.1644293726430002e-10,1.1644293726430002e-10,1.1644293726430002e-10,1.1644293726430002e-10,1.1644293726430002e-10,1.1644293726430002e-10,1.1644293726430002e-10,1.1644293726430002e-10,1.1644293726430002e-10,1.1644293726430002e-10,1.1644293726430002e-10,1.1644293726430002e-10,1.1644293726430002e-10,1.1644293726430002e-10,1.1644293726430002e-10,1.1644293726430002e-10,1.1644293726430002e-10,1.1644293726430002e-10,0,1.1644293726430002e-10,1.1644293726430002e-10,1.1644293726430002e-10,0,1.1644293726430002e-10,1.1644293726430002e-10,1.1644293726430002e-10,1.1644293726430002e-10,1.1644293726430002e-10,0.00365205310730996,0,0,0,0,0,0,0,0,0,0,0,0,0,0,0,0,0,0,0,0,0
Transient Orca,adult,0,0,0,0,0,0,0,0,0,0,0.125,0,0,0,0,0,0,0,0,0,0,0,0,0,0,0,0,0,0,0,0,0,0,0,0,0,0,0,0,0,0,0,0,0,0,0,0,0,0,0,0,0,0,0,0,0.125,0,0,0,0,0.125,0.125,0,0.125,0.125,0.125,0.125,0,0,0,0,0,0,0,0,0
California sea lions,juvenile,0,0,0,0,0,0,0,0,0,0,1.1724368326782986e-9,0,0,0,1.1724368326782986e-9,0,0,0,0,0,0,0,0.10245627275183011,0.10245627275183011,0.00599057929311807,0,1.1724368326782986e-9,1.1724368326782986e-9,1.1724368326782986e-9,1.1724368326782986e-9,1.1724368326782986e-9,1.1724368326782986e-9,1.1724368326782986e-9,1.1724368326782986e-9,1.1724368326782986e-9,1.1724368326782986e-9,1.1724368326782986e-9,1.1724368326782986e-9,1.1724368326782986e-9,1.1724368326782986e-9,1.1724368326782986e-9,1.1724368326782986e-9,1.1724368326782986e-9,1.1724368326782986e-9,1.1724368326782986e-9,1.1724368326782986e-9,1.1724368326782986e-9,0.01350481952388098,0,1.1724368326782986e-9,1.1724368326782986e-9,1.1724368326782986e-9,1.1724368326782986e-9,0.4203133850991477,0.3552786354070881,1.1724368326782986e-9,1.1724368326782986e-9,0,1.1724368326782986e-9,0,0,0,0,0,0,0,0,0,0,0,0,0,0,0,0,0
Chinook Duwamish Subyearling,juvenile,0,0,0,0,1.1779006195032456e-10,0,1.1779006195032456e-10,0.00603315702247674,0.11631006573310494,1.1779006195032456e-10,1.1779006195032456e-10,1.1779006195032456e-10,0.2955562895494632,1.1779006195032456e-10,1.1779006195032456e-10,1.1779006195032456e-10,0.34645282583131104,0.01254765626558452,8.679546012303597e-4,1.1779006195032456e-10,0,0.00717049059075089,0.05762355554768662,0.0537772209531741,0.10366078025372562,1.1779006195032456e-10,1.1779006195032456e-10,1.1779006195032456e-10,1.1779006195032456e-10,1.1779006195032456e-10,1.1779006195032456e-10,1.1779006195032456e-10,1.1779006195032456e-10,1.1779006195032456e-10,1.1779006195032456e-10,1.1779006195032456e-10,1.1779006195032456e-10,0,0,0,0,0,0,0,1.1779006195032456e-10,0,1.1779006195032456e-10,1.1779006195032456e-10,1.1779006195032456e-10,1.1779006195032456e-10,1.1779006195032456e-10,1.1779006195032456e-10,1.1779006195032456e-10,1.1779006195032456e-10,1.1779006195032456e-10,0,0,0,0,0,0,0,0,0,0,0,0,0,0,0,0,0,0,0,0,0
Chinook Hatch Subyearling,juvenile,0,0,0,0,1.1868966241470202e-10,0,1.1868966241470202e-10,0.00639514089724854,0.1147944883184016,1.1868966241470202e-10,1.1868966241470202e-10,1.1868966241470202e-10,0.2964451415167685,1.1868966241470202e-10,1.1868966241470202e-10,1.1868966241470202e-10,0.34909879712839903,0.01018266699623261,0.00114237269622681,1.1868966241470202e-10,0,0.00583240743722648,0.05819750321864991,0.05393894983640402,0.10397252827506288,1.1868966241470202e-10,1.1868966241470202e-10,1.1868966241470202e-10,1.1868966241470202e-10,1.1868966241470202e-10,1.1868966241470202e-10,1.1868966241470202e-10,1.1868966241470202e-10,1.1868966241470202e-10,1.1868966241470202e-10,1.1868966241470202e-10,1.1868966241470202e-10,0,0,0,0,0,0,0,1.1868966241470202e-10,0,1.1868966241470202e-10,1.1868966241470202e-10,1.1868966241470202e-10,1.1868966241470202e-10,1.1868966241470202e-10,1.1868966241470202e-10,1.1868966241470202e-10,1.1868966241470202e-10,1.1868966241470202e-10,0,0,0,0,0,0,0,0,0,0,0,0,0,0,0,0,0,0,0,0,0
Chinook Hatch Yearling,juvenile,0,0,0,0,1.1871081913645534e-10,0,1.1871081913645534e-10,0.00603845884265332,0.11507964149801832,1.1871081913645534e-10,1.1871081913645534e-10,1.1871081913645534e-10,0.2958160186255364,1.1871081913645534e-10,1.1871081913645534e-10,1.1871081913645534e-10,0.35158143079077864,0.01103928454766749,0.00185736456023115,1.1871081913645534e-10,0,0.00660584404200081,0.05610232442749777,0.0528420168083751,0.1030376121772055,1.1871081913645534e-10,1.1871081913645534e-10,1.1871081913645534e-10,1.1871081913645534e-10,1.1871081913645534e-10,1.1871081913645534e-10,1.1871081913645534e-10,1.1871081913645534e-10,1.1871081913645534e-10,1.1871081913645534e-10,1.1871081913645534e-10,1.1871081913645534e-10,0,0,0,0,0,0,0,1.1871081913645534e-10,0,1.1871081913645534e-10,1.1871081913645534e-10,1.1871081913645534e-10,1.1871081913645534e-10,1.1871081913645534e-10,1.1871081913645534e-10,1.1871081913645534e-10,1.1871081913645534e-10,1.1871081913645534e-10,0,0,0,0,0,0,0,0,0,0,0,0,0,0,0,0,0,0,0,0,0
Chinook Hood Canal Subyearling,juvenile,0,0,0,0,1.186041060854958e-10,0,1.186041060854958e-10,0.00559156872512501,0.11847007362441454,1.186041060854958e-10,1.186041060854958e-10,1.186041060854958e-10,0.2955500998988365,1.186041060854958e-10,1.186041060854958e-10,1.186041060854958e-10,0.3448537076657159,0.0095399651400669,0.00199300473594595,1.186041060854958e-10,0,0.00707195413931185,0.05882899995408859,0.05515563415345059,0.1029449882863168,1.186041060854958e-10,1.186041060854958e-10,1.186041060854958e-10,1.186041060854958e-10,1.186041060854958e-10,1.186041060854958e-10,1.186041060854958e-10,1.186041060854958e-10,1.186041060854958e-10,1.186041060854958e-10,1.186041060854958e-10,1.186041060854958e-10,0,0,0,0,0,0,0,1.186041060854958e-10,0,1.186041060854958e-10,1.186041060854958e-10,1.186041060854958e-10,1.186041060854958e-10,1.186041060854958e-10,1.186041060854958e-10,1.186041060854958e-10,1.186041060854958e-10,1.186041060854958e-10,0,0,0,0,0,0,0,0,0,0,0,0,0,0,0,0,0,0,0,0,0
Chinook Nisqually Subyearling,juvenile,0,0,0,0,1.1823987495018631e-10,0,1.1823987495018631e-10,0.00581030489097401,0.11515220894921088,1.1823987495018631e-10,1.1823987495018631e-10,1.1823987495018631e-10,0.2960025556551451,1.1823987495018631e-10,1.1823987495018631e-10,1.1823987495018631e-10,0.34617787399193845,0.01300824525105408,0.00156015098501454,1.1823987495018631e-10,0,0.00745083644349601,0.05718143905660823,0.05311941347756614,0.10453696763355642,1.1823987495018631e-10,1.1823987495018631e-10,1.1823987495018631e-10,1.1823987495018631e-10,1.1823987495018631e-10,1.1823987495018631e-10,1.1823987495018631e-10,1.1823987495018631e-10,1.1823987495018631e-10,1.1823987495018631e-10,1.1823987495018631e-10,1.1823987495018631e-10,0,0,0,0,0,0,0,1.1823987495018631e-10,0,1.1823987495018631e-10,1.1823987495018631e-10,1.1823987495018631e-10,1.1823987495018631e-10,1.1823987495018631e-10,1.1823987495018631e-10,1.1823987495018631e-10,1.1823987495018631e-10,1.1823987495018631e-10,0,0,0,0,0,0,0,0,0,0,0,0,0,0,0,0,0,0,0,0,0
Chinook Nisqually Yearling,juvenile,0,0,0,0,1.18771630155187e-10,0,1.18771630155187e-10,0.00552263473935356,0.11225877369074078,1.18771630155187e-10,1.18771630155187e-10,1.18771630155187e-10,0.2993948915644908,1.18771630155187e-10,1.18771630155187e-10,1.18771630155187e-10,0.34454649455852426,0.01042706136578787,0.00200042088431323,1.18771630155187e-10,0,0.00639955741709337,0.0585065229606261,0.05447566438345302,0.10646797475369646,1.18771630155187e-10,1.18771630155187e-10,1.18771630155187e-10,1.18771630155187e-10,1.18771630155187e-10,1.18771630155187e-10,1.18771630155187e-10,1.18771630155187e-10,1.18771630155187e-10,1.18771630155187e-10,1.18771630155187e-10,1.18771630155187e-10,0,0,0,0,0,0,0,1.18771630155187e-10,0,1.18771630155187e-10,1.18771630155187e-10,1.18771630155187e-10,1.18771630155187e-10,1.18771630155187e-10,1.18771630155187e-10,1.18771630155187e-10,1.18771630155187e-10,1.18771630155187e-10,0,0,0,0,0,0,0,0,0,0,0,0,0,0,0,0,0,0,0,0,0
Chinook Skagit Subyearling,juvenile,0,0,0,0,1.1880492675945839e-10,0,1.1880492675945839e-10,0.00604324581162902,0.11543638182501498,1.1880492675945839e-10,1.1880492675945839e-10,1.1880492675945839e-10,0.2987900032541383,1.1880492675945839e-10,1.1880492675945839e-10,1.1880492675945839e-10,0.3462339755792341,0.00885685730616511,0.00155681479115293,1.1880492675945839e-10,0,0.00748644294777188,0.05719070588079303,0.05264091395642679,0.10576465496472114,1.1880492675945839e-10,1.1880492675945839e-10,1.1880492675945839e-10,1.1880492675945839e-10,1.1880492675945839e-10,1.1880492675945839e-10,1.1880492675945839e-10,1.1880492675945839e-10,1.1880492675945839e-10,1.1880492675945839e-10,1.1880492675945839e-10,1.1880492675945839e-10,0,0,0,0,0,0,0,1.1880492675945839e-10,0,1.1880492675945839e-10,1.1880492675945839e-10,1.1880492675945839e-10,1.1880492675945839e-10,1.1880492675945839e-10,1.1880492675945839e-10,1.1880492675945839e-10,1.1880492675945839e-10,1.1880492675945839e-10,0,0,0,0,0,0,0,0,0,0,0,0,0,0,0,0,0,0,0,0,0
Chinook Skagit Yearling,juvenile,0,0,0,0,1.1047122599431425e-10,0,1.1047122599431425e-10,0.11188154289494684,0.21516642709146608,0.20034234604421228,1.1047122599431425e-10,1.1047122599431425e-10,0.25106044685173545,1.1047122599431425e-10,1.1047122599431425e-10,1.1047122599431425e-10,0.06482537585013262,0.01058523575423599,0.14613862175724904,1.1047122599431425e-10,0,1.1047122599431425e-10,1.1047122599431425e-10,1.1047122599431425e-10,1.1047122599431425e-10,1.1047122599431425e-10,1.1047122599431425e-10,1.1047122599431425e-10,1.1047122599431425e-10,1.1047122599431425e-10,1.1047122599431425e-10,1.1047122599431425e-10,1.1047122599431425e-10,1.1047122599431425e-10,1.1047122599431425e-10,1.1047122599431425e-10,1.1047122599431425e-10,0,0,0,0,0,0,0,1.1047122599431425e-10,0,1.1047122599431425e-10,1.1047122599431425e-10,1.1047122599431425e-10,1.1047122599431425e-10,1.1047122599431425e-10,1.1047122599431425e-10,1.1047122599431425e-10,1.1047122599431425e-10,1.1047122599431425e-10,0,0,0,0,0,0,0,0,0,0,0,0,0,0,0,0,0,0,0,0,0
Chinook Snohomish Subyearling,juvenile,0,0,0,0,1.1077681468928871e-10,0,1.1077681468928871e-10,0.11039712165787968,0.2132916848815055,0.20182388768080128,1.1077681468928871e-10,1.1077681468928871e-10,0.2552573969953926,1.1077681468928871e-10,1.1077681468928871e-10,1.1077681468928871e-10,0.06500469767650843,0.0106880974309086,0.14353710991059215,1.1077681468928871e-10,0,1.1077681468928871e-10,1.1077681468928871e-10,1.1077681468928871e-10,1.1077681468928871e-10,1.1077681468928871e-10,1.1077681468928871e-10,1.1077681468928871e-10,1.1077681468928871e-10,1.1077681468928871e-10,1.1077681468928871e-10,1.1077681468928871e-10,1.1077681468928871e-10,1.1077681468928871e-10,1.1077681468928871e-10,1.1077681468928871e-10,1.1077681468928871e-10,0,0,0,0,0,0,0,1.1077681468928871e-10,0,1.1077681468928871e-10,1.1077681468928871e-10,1.1077681468928871e-10,1.1077681468928871e-10,1.1077681468928871e-10,1.1077681468928871e-10,1.1077681468928871e-10,1.1077681468928871e-10,1.1077681468928871e-10,0,0,0,0,0,0,0,0,0,0,0,0,0,0,0,0,0,0,0,0,0
Chinook other Subyearling,juvenile,0,0,0,0,1.1050004678473635e-10,0,1.1050004678473635e-10,0.11451761655660736,0.21671449795792525,0.2022489471479237,1.1050004678473635e-10,1.1050004678473635e-10,0.25054833962838813,1.1050004678473635e-10,1.1050004678473635e-10,1.1050004678473635e-10,0.06410000284415257,0.00934998188047637,0.14252061022752502,1.1050004678473635e-10,0,1.1050004678473635e-10,1.1050004678473635e-10,1.1050004678473635e-10,1.1050004678473635e-10,1.1050004678473635e-10,1.1050004678473635e-10,1.1050004678473635e-10,1.1050004678473635e-10,1.1050004678473635e-10,1.1050004678473635e-10,1.1050004678473635e-10,1.1050004678473635e-10,1.1050004678473635e-10,1.1050004678473635e-10,1.1050004678473635e-10,1.1050004678473635e-10,0,0,0,0,0,0,0,1.1050004678473635e-10,0,1.1050004678473635e-10,1.1050004678473635e-10,1.1050004678473635e-10,1.1050004678473635e-10,1.1050004678473635e-10,1.1050004678473635e-10,1.1050004678473635e-10,1.1050004678473635e-10,1.1050004678473635e-10,0,0,0,0,0,0,0,0,0,0,0,0,0,0,0,0,0,0,0,0,0
Chinook other Yearling,juvenile,0,0,0,0,1.1682797748564522e-10,0,1.1682797748564522e-10,0.00157018194272476,0.14489757198640557,1.1682797748564522e-10,1.1682797748564522e-10,1.1682797748564522e-10,0.26006114659836715,1.1682797748564522e-10,1.1682797748564522e-10,1.1682797748564522e-10,0.5889732220670185,1.1682797748564522e-10,1.1682797748564522e-10,1.1682797748564522e-10,0,1.1682797748564522e-10,0.00226965071599946,0.00222822260050521,1.1682797748564522e-10,1.1682797748564522e-10,1.1682797748564522e-10,1.1682797748564522e-10,1.1682797748564522e-10,1.1682797748564522e-10,1.1682797748564522e-10,1.1682797748564522e-10,1.1682797748564522e-10,1.1682797748564522e-10,1.1682797748564522e-10,1.1682797748564522e-10,1.1682797748564522e-10,0,0,0,0,0,0,0,1.1682797748564522e-10,0,1.1682797748564522e-10,1.1682797748564522e-10,1.1682797748564522e-10,1.1682797748564522e-10,1.1682797748564522e-10,1.1682797748564522e-10,1.1682797748564522e-10,1.1682797748564522e-10,1.1682797748564522e-10,0,0,0,0,0,0,0,0,0,0,0,0,0,0,0,0,0,0,0,0,0
Chum Fall Subyearling,juvenile,0,0,1.0686878993507148e-10,1.0686878993507148e-10,1.0686878993507148e-10,0,1.0686878993507148e-10,0.7217831942997085,1.0686878993507148e-10,1.0686878993507148e-10,1.0686878993507148e-10,0,1.0686878993507148e-10,1.0686878993507148e-10,1.0686878993507148e-10,0,0.27821680078432715,1.0686878993507148e-10,1.0686878993507148e-10,1.0686878993507148e-10,0,1.0686878993507148e-10,1.0686878993507148e-10,1.0686878993507148e-10,1.0686878993507148e-10,0,1.0686878993507148e-10,1.0686878993507148e-10,1.0686878993507148e-10,1.0686878993507148e-10,1.0686878993507148e-10,1.0686878993507148e-10,1.0686878993507148e-10,1.0686878993507148e-10,1.0686878993507148e-10,1.0686878993507148e-10,1.0686878993507148e-10,1.0686878993507148e-10,1.0686878993507148e-10,1.0686878993507148e-10,1.0686878993507148e-10,1.0686878993507148e-10,1.0686878993507148e-10,1.0686878993507148e-10,1.0686878993507148e-10,1.0686878993507148e-10,1.0686878993507148e-10,1.0686878993507148e-10,1.0686878993507148e-10,1.0686878993507148e-10,1.0686878993507148e-10,1.0686878993507148e-10,1.0686878993507148e-10,1.0686878993507148e-10,1.0686878993507148e-10,0,0,0,0,0,0,0,0,0,0,0,0,0,0,0,0,0,0,0,0,0
Chum Hatch Subyearling,juvenile,0,0,1.0671762977226651e-10,1.0671762977226651e-10,1.0671762977226651e-10,0,1.0671762977226651e-10,0.7240893468089398,1.0671762977226651e-10,1.0671762977226651e-10,1.0671762977226651e-10,0,1.0671762977226651e-10,1.0671762977226651e-10,1.0671762977226651e-10,0,0.27591064828204925,1.0671762977226651e-10,1.0671762977226651e-10,1.0671762977226651e-10,0,1.0671762977226651e-10,1.0671762977226651e-10,1.0671762977226651e-10,1.0671762977226651e-10,0,1.0671762977226651e-10,1.0671762977226651e-10,1.0671762977226651e-10,1.0671762977226651e-10,1.0671762977226651e-10,1.0671762977226651e-10,1.0671762977226651e-10,1.0671762977226651e-10,1.0671762977226651e-10,1.0671762977226651e-10,1.0671762977226651e-10,1.0671762977226651e-10,1.0671762977226651e-10,1.0671762977226651e-10,1.0671762977226651e-10,1.0671762977226651e-10,1.0671762977226651e-10,1.0671762977226651e-10,1.0671762977226651e-10,1.0671762977226651e-10,1.0671762977226651e-10,1.0671762977226651e-10,1.0671762977226651e-10,1.0671762977226651e-10,1.0671762977226651e-10,1.0671762977226651e-10,1.0671762977226651e-10,1.0671762977226651e-10,1.0671762977226651e-10,0,0,0,0,0,0,0,0,0,0,0,0,0,0,0,0,0,0,0,0,0
Chum Hood Canal summer run Subyearling,juvenile,0,0,1.11854757463739e-10,1.11854757463739e-10,1.11854757463739e-10,0,1.11854757463739e-10,0.10213184761634143,0.15565803297996308,1.11854757463739e-10,1.11854757463739e-10,0,0.2416475186500365,1.11854757463739e-10,1.11854757463739e-10,0,0.2323707065600059,0.01230578193860981,0.24332263428567424,1.11854757463739e-10,0,0.01256347338332395,1.11854757463739e-10,1.11854757463739e-10,1.11854757463739e-10,0,1.11854757463739e-10,1.11854757463739e-10,1.11854757463739e-10,1.11854757463739e-10,1.11854757463739e-10,1.11854757463739e-10,1.11854757463739e-10,1.11854757463739e-10,1.11854757463739e-10,1.11854757463739e-10,1.11854757463739e-10,1.11854757463739e-10,1.11854757463739e-10,1.11854757463739e-10,1.11854757463739e-10,1.11854757463739e-10,1.11854757463739e-10,1.11854757463739e-10,1.11854757463739e-10,1.11854757463739e-10,1.11854757463739e-10,1.11854757463739e-10,1.11854757463739e-10,1.11854757463739e-10,1.11854757463739e-10,1.11854757463739e-10,1.11854757463739e-10,1.11854757463739e-10,1.11854757463739e-10,0,0,0,0,0,0,0,0,0,0,0,0,0,0,0,0,0,0,0,0,0
Coho Deep South Yearling,juvenile,0,0,0,0,1.168581492336359e-10,1.168581492336359e-10,0,6.109968015189495e-4,0.14729013137754102,1.168581492336359e-10,1.168581492336359e-10,0,0.2583374978337943,1.168581492336359e-10,1.168581492336359e-10,0,0.5904834800886478,1.168581492336359e-10,1.168581492336359e-10,1.168581492336359e-10,0,1.168581492336359e-10,0.00175010772654898,0.00152778219877187,1.168581492336359e-10,0,1.168581492336359e-10,1.168581492336359e-10,1.168581492336359e-10,1.168581492336359e-10,1.168581492336359e-10,1.168581492336359e-10,1.168581492336359e-10,1.168581492336359e-10,1.168581492336359e-10,1.168581492336359e-10,1.168581492336359e-10,0,0,0,0,1.168581492336359e-10,1.168581492336359e-10,1.168581492336359e-10,1.168581492336359e-10,0,1.168581492336359e-10,1.168581492336359e-10,0,1.168581492336359e-10,1.168581492336359e-10,1.168581492336359e-10,1.168581492336359e-10,1.168581492336359e-10,1.168581492336359e-10,0,0,0,0,0,0,0,0,0,0,0,0,0,0,0,0,0,0,0,0,0
Coho Hatch Yearling,juvenile,0,0,0,0,1.1722513320120514e-10,1.1722513320120514e-10,0,8.211223065365909e-4,0.14775268462822386,1.1722513320120514e-10,1.1722513320120514e-10,0,0.25855272739966273,1.1722513320120514e-10,1.1722513320120514e-10,0,0.5909754315248039,1.1722513320120514e-10,1.1722513320120514e-10,1.1722513320120514e-10,0,1.1722513320120514e-10,0.00107501485899983,8.230152961185152e-4,1.1722513320120514e-10,0,1.1722513320120514e-10,1.1722513320120514e-10,1.1722513320120514e-10,1.1722513320120514e-10,1.1722513320120514e-10,1.1722513320120514e-10,1.1722513320120514e-10,1.1722513320120514e-10,1.1722513320120514e-10,1.1722513320120514e-10,1.1722513320120514e-10,0,0,0,0,1.1722513320120514e-10,1.1722513320120514e-10,1.1722513320120514e-10,1.1722513320120514e-10,0,1.1722513320120514e-10,1.1722513320120514e-10,0,1.1722513320120514e-10,1.1722513320120514e-10,1.1722513320120514e-10,1.1722513320120514e-10,1.1722513320120514e-10,1.1722513320120514e-10,0,0,0,0,0,0,0,0,0,0,0,0,0,0,0,0,0,0,0,0,0
Coho Skagit Yearling,juvenile,0,0,0,0,1.0907037520527621e-10,1.0907037520527621e-10,0,0.7132830261483037,1.0907037520527621e-10,1.0907037520527621e-10,1.0907037520527621e-10,0,1.0907037520527621e-10,1.0907037520527621e-10,1.0907037520527621e-10,0,0.28460290197614035,0.00211406783995207,1.0907037520527621e-10,1.0907037520527621e-10,0,1.0907037520527621e-10,1.0907037520527621e-10,1.0907037520527621e-10,1.0907037520527621e-10,0,1.0907037520527621e-10,1.0907037520527621e-10,1.0907037520527621e-10,1.0907037520527621e-10,1.0907037520527621e-10,1.0907037520527621e-10,1.0907037520527621e-10,1.0907037520527621e-10,1.0907037520527621e-10,1.0907037520527621e-10,1.0907037520527621e-10,0,0,0,0,1.0907037520527621e-10,1.0907037520527621e-10,1.0907037520527621e-10,1.0907037520527621e-10,0,1.0907037520527621e-10,1.0907037520527621e-10,0,1.0907037520527621e-10,1.0907037520527621e-10,1.0907037520527621e-10,1.0907037520527621e-10,1.0907037520527621e-10,1.0907037520527621e-10,0,0,0,0,0,0,0,0,0,0,0,0,0,0,0,0,0,0,0,0,0
Coho other Yearling,juvenile,0,0,0,0,1.0653168193139207e-10,1.0653168193139207e-10,0,0.7162003758887602,1.0653168193139207e-10,1.0653168193139207e-10,1.0653168193139207e-10,0,1.0653168193139207e-10,1.0653168193139207e-10,1.0653168193139207e-10,0,0.28379962006303594,1.0653168193139207e-10,1.0653168193139207e-10,1.0653168193139207e-10,0,1.0653168193139207e-10,1.0653168193139207e-10,1.0653168193139207e-10,1.0653168193139207e-10,0,1.0653168193139207e-10,1.0653168193139207e-10,1.0653168193139207e-10,1.0653168193139207e-10,1.0653168193139207e-10,1.0653168193139207e-10,1.0653168193139207e-10,1.0653168193139207e-10,1.0653168193139207e-10,1.0653168193139207e-10,1.0653168193139207e-10,0,0,0,0,1.0653168193139207e-10,1.0653168193139207e-10,1.0653168193139207e-10,1.0653168193139207e-10,0,1.0653168193139207e-10,1.0653168193139207e-10,0,1.0653168193139207e-10,1.0653168193139207e-10,1.0653168193139207e-10,1.0653168193139207e-10,1.0653168193139207e-10,1.0653168193139207e-10,0,0,0,0,0,0,0,0,0,0,0,0,0,0,0,0,0,0,0,0,0
Demersal rockfish,juvenile,0,0,1.0571934481643098e-10,1.0571934481643098e-10,0.1904047921789813,0,0.1882251239912147,0.08844209917773249,0.1839403575531924,0,1.0571934481643098e-10,0,0.15334603762908172,0,0,0,0.00707289159487069,1.0571934481643098e-10,0.05593038227751353,0.1326383148573778,0,1.0571934481643098e-10,0,0,0,1.0571934481643098e-10,0,0,0,0,0,0,0,0,0,0,0,0,0,0,0,0,0,0,0,0,0,0,0,0,0,0,0,1.0571934481643098e-10,0,0,0,0,0,0,0,0,0,0,0,0,0,0,0,0,0,0,0,0,0,0
Demersal vulnerable rockfish,juvenile,0,0,1.0616847804793503e-10,1.0616847804793503e-10,0,0,1.0616847804793503e-10,0.23255399817689348,0.30798581189998203,0,1.0616847804793503e-10,0,0.18643110825247705,0,0,0,0.1394797805507087,0.02503047353234732,0.10851882705674908,1.0616847804793503e-10,0,0,0,0,0,0,0,0,0,0,0,0,0,0,0,0,0,0,0,0,0,0,0,0,0,0,0,0,0,0,0,0,0,0,0,0,0,0,0,0,0,0,0,0,0,0,0,0,0,0,0,0,0,0,0,0
Hake_Large gadoids,juvenile,0,0,0,0.12175994055587729,0,0,0,0.11428747984850596,0.0913225912940568,0.05326997399319631,0,0,0.07330305592121596,0,0.03531038276120441,0,0.09685565198207796,0.06866008887296862,0.12175994055587729,0.01739427722226818,0,0.00649792134942802,0.06087997027793864,0.06087997027793864,0,0,0,0,0,0,0,0,0,0,0,0,0,0,0,0,0,0,0,0,0,0,0,0.07781875508744596,0,0,0,0,0,0,0,0,0,0,0,0,0,0,0,0,0,0,0,0,0,0,0,0,0,0,0,0
Harbor porpoise,juvenile,0,0,0,0,0,0,0,0,0,0,0.1176796514087725,0,0,1.6188262722310675e-10,0.02331640635062696,0,0.01712592497559156,0.03644790639259913,0,0,0,0,0.1411581120160588,0.1411581120160588,0.04127391267367427,1.6188262722310675e-10,0,0,0,0,0,0,0,0,0,0,0,0,0,0,0,0,0,0,0,0,0,0.4214370414031811,0,1.6188262722310675e-10,1.6188262722310675e-10,1.6188262722310675e-10,1.6188262722310675e-10,0.00747538694119741,0.0529275448509437,0,0,0,0,0,0,0,0,0,0,0,0,0,0,0,0,0,0,0,0,0
Harbor seals,juvenile,0,0,0,0,0,0,0,0,0,0,0,0,0,0,0,0,0,0.04545454545454545,0,0,0,0,0,0,0,0,0.04545454545454545,0.04545454545454545,0.04545454545454545,0.04545454545454545,0.04545454545454545,0.04545454545454545,0.04545454545454545,0.04545454545454545,0.04545454545454545,0.04545454545454545,0.04545454545454545,0.04545454545454545,0.04545454545454545,0.04545454545454545,0.04545454545454545,0.04545454545454545,0.04545454545454545,0.04545454545454545,0.04545454545454545,0.04545454545454545,0.04545454545454545,0,0,0,0,0,0,0,0,0,0,0,0,0,0,0,0,0,0,0,0,0,0,0,0,0,0,0,0,0
Humpback whales,juvenile,0,0,0,0,0,0,0,1.817867514686245e-8,0.9999999091066242,0,1.817867514686245e-8,0,0,0,0,0,0,0,0,0,0,0,1.817867514686245e-8,1.817867514686245e-8,1.817867514686245e-8,0,0,0,0,0,0,0,0,0,0,0,0,0,0,0,0,0,0,0,0,0,0,0,0,0,0,0,0,0,0,0,0,0,0,0,0,0,0,0,0,0,0,0,0,0,0,0,0,0,0,0
Large demersal predators,juvenile,0,0,0,0,0,0,0,0.4905509925286025,0.18057582766350624,0,1.1069770936899168e-10,0,0.13416904192811088,1.1069770936899168e-10,1.1069770936899168e-10,0,0.15334004936868045,0.04136408474737788,1.1069770936899168e-10,0,0,0,1.1069770936899168e-10,1.1069770936899168e-10,1.1069770936899168e-10,1.1069770936899168e-10,1.1069770936899168e-10,1.1069770936899168e-10,1.1069770936899168e-10,1.1069770936899168e-10,1.1069770936899168e-10,1.1069770936899168e-10,1.1069770936899168e-10,1.1069770936899168e-10,1.1069770936899168e-10,1.1069770936899168e-10,1.1069770936899168e-10,1.1069770936899168e-10,1.1069770936899168e-10,1.1069770936899168e-10,1.1069770936899168e-10,1.1069770936899168e-10,1.1069770936899168e-10,1.1069770936899168e-10,0,0,1.1069770936899168e-10,1.1069770936899168e-10,1.1069770936899168e-10,1.1069770936899168e-10,0,0,0,1.1069770936899168e-10,1.1069770936899168e-10,1.1069770936899168e-10,1.1069770936899168e-10,0,0,0,0,0,0,0,0,0,0,0,0,0,0,0,0,0,0,0
Midwater rockfish,juvenile,0,0,0.014622308577557,0.13978057346937262,0,0,0.05134796576425932,0.19550150235842848,0.06946260093115543,0,0,0,0.07109462588304438,0,0,0,0.1883894543032401,0.06430187536974546,0.1322345959608948,0.06404155297661317,0,0.00922294440568936,0,0,0,0,0,0,0,0,0,0,0,0,0,0,0,0,0,0,0,0,0,0,0,0,0,0,0,0,0,0,0,0,0,0,0,0,0,0,0,0,0,0,0,0,0,0,0,0,0,0,0,0,0,0
Midwater vulnerable rockfish,juvenile,0,0,0.01449710724670537,0.13858372320918652,0,0,0.05090830648500729,0.194517632968642,0.06886783779680707,0,0,0,0.05530847094287609,0,0,0,0.18862525246605885,0.09409610512506016,0.13110235700484218,0.06349320675481451,0,0,0,0,0,0,0,0,0,0,0,0,0,0,0,0,0,0,0,0,0,0,0,0,0,0,0,0,0,0,0,0,0,0,0,0,0,0,0,0,0,0,0,0,0,0,0,0,0,0,0,0,0,0,0,0
Other salmonids,juvenile,0,0,0,0,0.04568522452100326,0,0,0.04960675294066998,0.06748115958206183,0.00705131833419246,0,0,0.06672346804565939,0.02848688478322162,0.00664398622240224,0,0.08137758500104622,0.03242796527169137,0.09169226759236904,0.08066407381971465,0,0.06167751537531427,0.05568874796392719,0.05568874796392719,0.03115464120212198,0.00483789156126998,0,0,0,0,0,0,0,0,0,0,0,0,0,0,0,0.0253667296080008,0.0253667296080008,0.0253667296080008,0,0,0,0.05703981448995905,4.088606906093678e-4,0.01986995294725897,0.01986995294725897,0.01986995294725897,0.01986995294725897,0.01842694099962313,0.00165615302617749,0,0,0,0,0,0,0,0,0,0,0,0,0,0,0,0,0,0,0,0,0
Pacific Herring Cherry Point,juvenile,0,0,0,1.1861499937797802e-10,1.1861499937797802e-10,0,1.1861499937797802e-10,0.00611752508762861,0.11848095460657417,1.1861499937797802e-10,0,0,0.2976262047969039,0,0,0,0.3448853810404849,0.01144435027920681,0.00103164919215204,1.1861499937797802e-10,0,0.00795393808911936,0.05670618719589673,0.05279936434144029,0.10295444335413816,0,0,0,0,0,0,0,0,0,0,0,0,0,0,0,0,0,0,0,0,0,0,1.1861499937797802e-10,1.1861499937797802e-10,1.1861499937797802e-10,1.1861499937797802e-10,1.1861499937797802e-10,1.1861499937797802e-10,1.1861499937797802e-10,1.1861499937797802e-10,1.1861499937797802e-10,0,0,0,0,0,0,0,0,0,0,0,0,0,0,5.930749968898901e-11,5.930749968898901e-11,5.930749968898901e-11,5.930749968898901e-11,5.930749968898901e-11,5.930749968898901e-11
Pacific Herring Puget Sound,juvenile,0,0,0,1.1737387532926746e-10,1.1737387532926746e-10,0,1.1737387532926746e-10,0.00492042370518335,0.12476187834371638,1.1737387532926746e-10,0,0,0.301372461297616,0,0,0,0.3428520353743352,0.01415886564284171,0.00314044704061737,1.1737387532926746e-10,0,0.00818493058671073,0.05433272516268554,0.04898452978556475,0.09729170106537306,0,0,0,0,0,0,0,0,0,0,0,0,0,0,0,0,0,0,0,0,0,0,1.1737387532926746e-10,1.1737387532926746e-10,1.1737387532926746e-10,1.1737387532926746e-10,1.1737387532926746e-10,1.1737387532926746e-10,1.1737387532926746e-10,1.1737387532926746e-10,1.1737387532926746e-10,0,0,0,0,0,0,0,0,0,0,0,0,0,0,5.868693766463373e-11,5.868693766463373e-11,5.868693766463373e-11,5.868693766463373e-11,5.868693766463373e-11,5.868693766463373e-11
Perch,juvenile,0,0,0,0,1.5280448625584448e-10,0,1.5280448625584448e-10,0.00804586538618995,0.15019125384601073,0,0,1.5280448625584448e-10,0.38607157762017663,1.5280448625584448e-10,0,0,0.4442948509328797,0,0.00185582378704241,1.5280448625584448e-10,0,0.00954062766367817,0,0,0,0,0,0,0,0,0,0,0,0,0,0,0,0,0,0,0,0,0,0,0,0,0,0,0,0,0,0,0,0,0,0,0,0,0,0,0,0,0,0,0,0,0,0,0,0,0,0,0,0,0,0
Pink Salmon Subyearling,juvenile,0,0,1.3570607758084707e-10,0,0,0,0,0.19191846941573648,1.3570607758084707e-10,1.3570607758084707e-10,0,0,1.3570607758084707e-10,1.3570607758084707e-10,0,0,1.3570607758084707e-10,0.1294515040116441,1.3570607758084707e-10,1.3570607758084707e-10,0,1.3570607758084707e-10,0.06398671210034831,0.06398671210034831,0.02455083504075609,0,0,0,0,0,0,0,0,0,0,0,0,0,0,0,0,0,0,0,0,0,0,0.04296155684547321,0,0.26310222410494194,1.3570607758084707e-10,1.3570607758084707e-10,1.3570607758084707e-10,0.19191846941573648,0.02812351533654216,0,0,0,0,0,0,0,0,0,0,0,0,0,0,0,0,0,0,0,0,0
Piscivorous flatfish,juvenile,0,0,0,0,0,0,0,1,0,0,0,0,0,0,0,0,0,0,0,0,0,0,0,0,0,0,0,0,0,0,0,0,0,0,0,0,0,0,0,0,0,0,0,0,0,0,0,0,0,0,0,0,0,0,0,0,0,0,0,0,0,0,0,0,0,0,0,0,0,0,0,0,0,0,0,0
Raptors,juvenile,0,0,0,0,0,0,0,0,0,0,0,0,0.00700525394045534,0,0,0,0,0,0,0.03502626970227671,0,0,0,0,0,0,0.00904845300642147,0.00904845300642147,0.01357267950963222,0.01357267950963222,0.01357267950963222,0.01357267950963222,0.01357267950963222,0.01357267950963222,0.01357267950963222,0.01357267950963222,0.01357267950963222,0.00904845300642147,0.01357267950963222,0.01357267950963222,0.01357267950963222,0.00904845300642147,0.01357267950963222,0.01357267950963222,0.01809690601284295,0.01357267950963222,0.01357267950963222,0.02101576182136602,0.01401050788091068,0.01401050788091068,0.01401050788091068,0.01401050788091068,0.01401050788091068,0.01751313485113835,0.02802101576182136,0,0.01401050788091068,0,0,0,0.2626970227670754,0.06304728546409809,0,0,0,0,0,0,0,0,0.03502626970227671,0.03502626970227671,0.03502626970227671,0.03502626970227671,0.03502626970227671,0.03502626970227671
Ratfish,juvenile,0,0,0,0,0,0,0,0.04549160622472016,0.08628732257239762,0,0,0,0.3273254234825585,0,0,0,0.10114650845087804,0.02857063199227387,0,0.18835023454574396,0,0.22282827273142783,0,0,0,0,0,0,0,0,0,0,0,0,0,0,0,0,0,0,0,0,0,0,0,0,0,0,0,0,0,0,0,0,0,0,0,0,0,0,0,0,0,0,0,0,0,0,0,0,0,0,0,0,0,0
Resident Orca,juvenile,0,0,0,0,0,0,0,0,0,0,0.03225806451612904,0,0,0,0,0,0,0,0,0,0,0,0.03225806451612904,0.03225806451612904,0,0,0.03225806451612904,0.03225806451612904,0.03225806451612904,0.03225806451612904,0.03225806451612904,0.03225806451612904,0.03225806451612904,0.03225806451612904,0.03225806451612904,0.03225806451612904,0.03225806451612904,0.03225806451612904,0.03225806451612904,0.03225806451612904,0.03225806451612904,0.03225806451612904,0.03225806451612904,0.03225806451612904,0.03225806451612904,0.03225806451612904,0.03225806451612904,0,0.03225806451612904,0.03225806451612904,0,0.03225806451612904,0,0.03225806451612904,0.03225806451612904,0.03225806451612904,0,0,0.03225806451612904,0,0,0,0,0,0,0,0,0,0,0,0,0,0,0,0,0
Seabirds (mainly non-piscivorous),juvenile,0,0,0,0,0,0,0,0,0,0,0,0,0,0,0,0,0,0.05146865472448642,0,0,0,0,0.24864601322630803,0.23258401328867687,0.46730130742313786,5.153359471557286e-10,5.153359471557286e-10,5.153359471557286e-10,5.153359471557286e-10,5.153359471557286e-10,5.153359471557286e-10,5.153359471557286e-10,5.153359471557286e-10,5.153359471557286e-10,5.153359471557286e-10,5.153359471557286e-10,5.153359471557286e-10,5.153359471557286e-10,5.153359471557286e-10,5.153359471557286e-10,5.153359471557286e-10,5.153359471557286e-10,5.153359471557286e-10,5.153359471557286e-10,0,5.153359471557286e-10,5.153359471557286e-10,0,0,0,0,0,0,5.153359471557286e-10,0,0,0,0,0,0,0,0,0,0,0,0,0,0,0,0,0,0,0,0,0,0
Seabirds (piscivorous),juvenile,0,0,0,0,0,0,0,0,0,0,3.813099443576342e-4,0.15487654329837483,0,0.00329524560209307,0,0,0.00988573680627923,0.00857900148131129,0.01977147361255847,0.16146703450256095,0,0.00164762280104653,0.08629289686644023,0.08629289686644023,0.10663737526080468,0.00882549432908434,0.00200471401001076,0.00200471401001076,0.00200471401001076,0.00200471401001076,0.00200471401001076,0.00200471401001076,0.00200471401001076,0.00200471401001076,0.00200471401001076,0.00200471401001076,0.00200471401001076,8.88402074477381e-5,8.88402074477381e-5,8.88402074477381e-5,8.88402074477381e-5,4.4778029608443073e-4,4.4778029608443073e-4,4.4778029608443073e-4,0.00163653013719517,0,0.00200471401001076,0.00469681231853834,0,0.00800550124096291,0.00800550124096291,0.00800550124096291,0.00800550124096291,0.21245355495927468,0.07548319641161531,0,0,0,0,0,0,0,0,0,0,0,0,0,0,0,0,0,0,0,0,0
Sixgill Shark,juvenile,0,0,0,0,0,0,0,0,0,0,0,0,0,0,0,0,0,0,0,0,0,0,0,0,0,0,0,0,0,0,0,0,0,0,0,0,0,0,0,0,0,0,0,0,0,0,0,0.225,0,0,0,0,0,0,0,0,0.55,0,0,0.225,0,0,0,0,0,0,0,0,0,0,0,0,0,0,0,0
Skates,juvenile,0,0,0,0,0,0,0,0,0.01018130686361936,0,0,0,1.0650064119942291e-10,0,0,0,0.06742950297095997,0.9223891895264168,0,0,0,0,1.0650064119942291e-10,1.0650064119942291e-10,1.0650064119942291e-10,0,0,0,0,0,0,0,0,0,0,0,0,0,0,0,0,0,0,0,0,0,0,1.0650064119942291e-10,0,0,0,0,0,1.0650064119942291e-10,0,0,0,0,0,0,0,0,0,0,0,0,0,0,0,0,0,0,0,0,0,0
Small Planktivorous Fish,juvenile,0,0,1.188138985198052e-10,1.188138985198052e-10,1.188138985198052e-10,0,1.188138985198052e-10,0.00526380341764593,0.11229872426455864,1.188138985198052e-10,0,0,0.29675543972648344,0,0,0,0.3567822278003371,0.01251183262934222,0.00103814924107396,1.188138985198052e-10,0,0.00641659347623686,0.05589303424096593,0.05132814795020829,0.10171204606500855,0,0,0,0,0,0,0,0,0,0,0,0,0,0,0,0,0,0,0,0,0,0,1.188138985198052e-10,0,0,0,0,0,0,0,0,0,0,0,0,0,0,0,0,0,0,0,0,0,0,5.94069492599026e-11,5.94069492599026e-11,5.94069492599026e-11,5.94069492599026e-11,5.94069492599026e-11,5.94069492599026e-11
Small demersal fish,juvenile,0,0,0,0.08227382261904143,0.00102842278273801,0,0.07713170870535134,0.0939201030814895,0.05890413051633055,0,0,0,0.04867168441328048,0.0754909458133559,0,0,0.06944357410052414,0.06586305822483302,0.07186749066018218,0.04262367926837376,0,0.03395351668769918,0.00250500043843427,0.00250500043843427,0.07756021819815885,0,0,0,0,0,0,0,0,0,0,0,0,0,0,0,0,0,0,0,0,0,0,0.00270637574404741,0,0.00533256257716009,0.00533256257716009,0.00533256257716009,0.00533256257716009,0.04045556644141081,0.02892317328387289,0,0,0,0,0,0,0,0,0,0,0,0,0,0,0,0.01714037971230029,0.01714037971230029,0.01714037971230029,0.01714037971230029,0.01714037971230029,0.01714037971230029
Small-mouthed Flatfish,juvenile,0,0,0,0.00110241487056697,1.2358108652577595e-10,0,1.2358108652577595e-10,0.7252778818219179,0.05098462461237004,1.2358108652577595e-10,1.2358108652577595e-10,1.2358108652577595e-10,0.04868981169652988,1.2358108652577595e-10,0,0,0.06941395730685987,1.2358108652577595e-10,0.05413033270834612,0.05040097562401725,0,1.2358108652577595e-10,0,0,0,0,0,0,0,0,0,0,0,0,0,0,0,0,0,0,0,0,0,0,0,0,0,0,0,0,0,0,0,0,0,0,0,0,0,0,0,0,0,0,0,0,0,0,0,0,6.179054326288796e-11,6.179054326288796e-11,6.179054326288796e-11,6.179054326288796e-11,6.179054326288796e-11,6.179054326288796e-11
Spiny dogfish,juvenile,0,0,0,0,0,0,6.976075661557945e-10,0,0.29383187609407235,6.976075661557945e-10,6.976075661557945e-10,0,0.2773942753571847,6.976075661557945e-10,6.976075661557945e-10,0,0.3750635870588599,6.976075661557945e-10,0,0,0,6.976075661557945e-10,6.976075661557945e-10,6.976075661557945e-10,0.05371024963055434,6.976075661557945e-10,0,0,0,0,0,0,0,0,0,0,0,0,0,0,0,0,0,0,0,0,0,6.976075661557945e-10,6.976075661557945e-10,6.976075661557945e-10,6.976075661557945e-10,6.976075661557945e-10,6.976075661557945e-10,0,0,0,0,0,0,6.976075661557945e-10,0,0,0,0,0,0,0,0,0,0,0,0,0,0,0,0
Steller sea lions,juvenile,0,0,0,0,0,0,0,0,0,0,0,0,0,0,0,0,0,0,0,0,0,0,0,0,0,0,0.05,0.05,0.05,0.05,0.05,0.05,0.05,0.05,0.05,0.05,0.05,0.05,0.05,0.05,0.05,0.05,0.05,0.05,0,0.05,0.05,0,0,0,0,0,0,0,0,0,0,0,0,0,0,0,0,0,0,0,0,0,0,0,0,0,0,0,0,0
Strait of Georgia salmonids,juvenile,0,0,0,0,1.173698353320116e-10,0,1.173698353320116e-10,0.00110141450881093,0.14793506981913104,1.173698353320116e-10,1.173698353320116e-10,1.173698353320116e-10,0.2612673317592525,1.173698353320116e-10,1.173698353320116e-10,1.173698353320116e-10,0.58627983992703,1.173698353320116e-10,1.173698353320116e-10,1.173698353320116e-10,0,1.173698353320116e-10,0.00170986410379203,0.00164801321597596,5.846267543304547e-5,1.173698353320116e-10,1.173698353320116e-10,1.173698353320116e-10,1.173698353320116e-10,1.173698353320116e-10,1.173698353320116e-10,1.173698353320116e-10,1.173698353320116e-10,1.173698353320116e-10,1.173698353320116e-10,1.173698353320116e-10,1.173698353320116e-10,0,0,0,0,0,0,0,1.173698353320116e-10,0,1.173698353320116e-10,1.173698353320116e-10,1.173698353320116e-10,1.173698353320116e-10,1.173698353320116e-10,1.173698353320116e-10,1.173698353320116e-10,1.173698353320116e-10,1.173698353320116e-10,0,0,0,0,0,0,0,0,0,0,0,0,0,0,0,0,0,0,0,0,0
Transient Orca,juvenile,0,0,0,0,0,0,0,0,0,0,0.125,0,0,0,0,0,0,0,0,0,0,0,0,0,0,0,0,0,0,0,0,0,0,0,0,0,0,0,0,0,0,0,0,0,0,0,0,0,0,0,0,0,0,0,0,0.125,0,0,0,0,0.125,0.125,0,0.125,0.125,0.125,0.125,0,0,0,0,0,0,0,0,0
